Workbook

Sheet Grundmatris Sampers
A2: Grundmatris Sampers 2019 (pb +pby)
C3: 700611 | D3: 700612 | E3: 700613 | F3: 700614 | G3: 700715 | H3: 700716 | I3: 700817 | J3: 700818 | K3: 700819 | L3: 700820 | M3: 701022 | N3: 738101 | O3: 738102 | P3: 738103 | Q3: 738104 | R3: 738105 | S3: 738107 | T3: 738108 | U3: 738109 | V3: 738110 | W3: 738111 | X3: 738112 | Y3: 738151 | Z3: 738152 | AA3: 738153
B4: 700611 | C4: 0 | D4: 0 | E4: 0.733032 | F4: 5.519764 | G4: 1.339761 | H4: 13.100322 | I4: 3.662453 | J4: 1.439829 | K4: 4.319857 | L4: 0.613063 | M4: 0.060561 | N4: 12.050244 | O4: 6.783384 | P4: 1.237538 | Q4: 0.999889 | R4: 2.204737 | S4: 7.521979 | T4: 1.634523 | U4: 0.589768 | V4: 1.145661 | W4: 0.923085 | X4: 2.144383 | Y4: 2.853134 | Z4: 3.621463 | AA4: 4.327176
B5: 700612 | C5: 0 | D5: 0 | E5: 2.193773 | F5: 3.506957 | G5: 1.708081 | H5: 25.612949 | I5: 3.594923 | J5: 2.797354 | K5: 4.35267 | L5: 1.133021 | M5: 0.046015 | N5: 14.496846 | O5: 6.068456 | P5: 1.556159 | Q5: 0.989931 | R5: 5.526294 | S5: 12.050697 | T5: 1.671757 | U5: 1.197285 | V5: 2.583891 | W5: 1.478546 | X5: 5.24642 | Y5: 3.916555 | Z5: 2.604088 | AA5: 5.31917
B6: 700613 | C6: 2.979703 | D6: 1.434597 | E6: 0 | F6: 7.734862 | G6: 3.684088 | H6: 23.219633 | I6: 23.498498 | J6: 14.212009 | K6: 5.310744 | L6: 1.617766 | M6: 0.631449 | N6: 14.82001 | O6: 5.748292 | P6: 1.137481 | Q6: 1.471306 | R6: 4.581621 | S6: 9.685256 | T6: 0.892182 | U6: 1.818511 | V6: 1.062102 | W6: 1.026715 | X6: 2.473409 | Y6: 3.772572 | Z6: 1.653121 | AA6: 4.675579
B7: 700614 | C7: 2.762057 | D7: 4.063984 | E7: 1.391482 | F7: 0 | G7: 16.61195 | H7: 0 | I7: 61.001679 | J7: 56.557619 | K7: 29.108081 | L7: 16.433524 | M7: 1.972008 | N7: 37.849767 | O7: 20.451835 | P7: 1.999168 | Q7: 2.707451 | R7: 8.668517 | S7: 23.459538 | T7: 7.234637 | U7: 4.986668 | V7: 3.65763 | W7: 4.128819 | X7: 9.55214 | Y7: 7.914043 | Z7: 5.273126 | AA7: 16.918924
B8: 700715 | C8: 1.275342 | D8: 1.617101 | E8: 0.765046 | F8: 11.08358 | G8: 0 | H8: 3.724316 | I8: 29.665761 | J8: 9.893036 | K8: 0.52929 | L8: 1.305452 | M8: 0 | N8: 21.740548 | O8: 17.785945 | P8: 1.742754 | Q8: 2.708937 | R8: 4.545305 | S8: 10.938745 | T8: 3.709403 | U8: 2.566212 | V8: 2.006285 | W8: 2.35539 | X8: 4.509239 | Y8: 3.940958 | Z8: 2.787641 | AA8: 5.936065
B9: 700716 | C9: 11.852271 | D9: 10.237136 | E9: 5.731874 | F9: 0 | G9: 1.568403 | H9: 0 | I9: 678.14585 | J9: 179.57556 | K9: 19.979292 | L9: 105.04038 | M9: 0 | N9: 64.593383 | O9: 26.993509 | P9: 6.613115 | Q9: 5.209818 | R9: 20.043822 | S9: 54.874559 | T9: 17.935116 | U9: 7.998388 | V9: 11.583264 | W9: 11.896448 | X9: 29.322212 | Y9: 20.421544 | Z9: 12.159065 | AA9: 27.919623
B10: 700817 | C10: 0.962508 | D10: 1.40331 | E10: 3.654854 | F10: 36.398252 | G10: 13.449436 | H10: 667.94204 | I10: 0 | J10: 0 | K10: 158.1906 | L10: 0 | M10: 0 | N10: 60.615618 | O10: 35.063921 | P10: 8.247537 | Q10: 5.814374 | R10: 15.333448 | S10: 107.08462 | T10: 20.52232 | U10: 6.16246 | V10: 8.671138 | W10: 6.297737 | X10: 36.049713 | Y10: 20.159068 | Z10: 17.489306 | AA10: 41.280809
B11: 700818 | C11: 0.959803 | D11: 1.151615 | E11: 4.596197 | F11: 46.459816 | G11: 5.839761 | H11: 195.22178 | I11: 0 | J11: 0 | K11: 8.32614 | L11: 0 | M11: 0 | N11: 44.371486 | O11: 20.411087 | P11: 4.649191 | Q11: 3.286332 | R11: 15.117903 | S11: 73.005347 | T11: 11.825703 | U11: 4.064948 | V11: 7.034129 | W11: 2.52051 | X11: 15.700525 | Y11: 14.134182 | Z11: 13.569482 | AA11: 19.393675
B12: 700819 | C12: 2.508346 | D12: 4.334814 | E12: 2.949009 | F12: 18.853192 | G12: 0.999043 | H12: 36.674651 | I12: 154.14749 | J12: 14.205725 | K12: 0 | L12: 4.201745 | M12: 0 | N12: 31.779966 | O12: 15.439671 | P12: 3.46123 | Q12: 3.053062 | R12: 14.192204 | S12: 36.563621 | T12: 12.071421 | U12: 2.464896 | V12: 3.765819 | W12: 2.250539 | X12: 23.343215 | Y12: 11.548715 | Z12: 13.984092 | AA12: 20.325012
B13: 700820 | C13: 2.039776 | D13: 0.412063 | E13: 0.807716 | F13: 19.164033 | G13: 3.114837 | H13: 117.5591 | I13: 0 | J13: 0 | K13: 3.279547 | L13: 0 | M13: 0 | N13: 16.656647 | O13: 9.135261 | P13: 2.213917 | Q13: 2.761521 | R13: 4.630014 | S13: 16.782833 | T13: 6.792895 | U13: 1.384284 | V13: 1.909791 | W13: 1.932042 | X13: 16.164059 | Y13: 6.128699 | Z13: 4.67775 | AA13: 18.154378
B14: 701022 | C14: 0.060561 | D14: 0.046015 | E14: 0.230946 | F14: 1.266335 | G14: 0 | H14: 0 | I14: 0 | J14: 0 | K14: 0 | L14: 0 | M14: 0 | N14: 10.930239 | O14: 6.417064 | P14: 0.865991 | Q14: 0.826443 | R14: 0.160515 | S14: 0 | T14: 2.090177 | U14: 2.827799 | V14: 1.708713 | W14: 1.225467 | X14: 0 | Y14: 0 | Z14: 0 | AA14: 0
B15: 738101 | C15: 7.368666 | D15: 6.123817 | E15: 2.707752 | F15: 13.941818 | G15: 5.748701 | H15: 35.757355 | I15: 43.789593 | J15: 23.410953 | K15: 18.183799 | L15: 3.984254 | M15: 7.840692 | N15: 14.2 | O15: 35.519585 | P15: 8.001708 | Q15: 5.79101 | R15: 14.218583 | S15: 29.19697 | T15: 10.78054 | U15: 3.678909 | V15: 6.634478 | W15: 3.444003 | X15: 16.905755 | Y15: 9.000915 | Z15: 19.436704 | AA15: 11.584611
... B28: 738153 | C28: 0.481349 | D28: 0.475995 | E28: 0.423951 | F28: 1.847753 | G28: 0.558295 | H28: 5.121743 | I28: 6.165287 | J28: 1.464497 | K28: 3.242066 | L28: 2.694383 | M28: 0 | N28: 5.07046 | O28: 3.034549 | P28: 0.791008 | Q28: 0.576374 | R28: 1.602014 | S28: 0.723349 | T28: 0.839699 | U28: 0.274931 | V28: 0.873881 | W28: 0.356097 | X28: 0.984984 | Y28: 1.009578 | Z28: 3.381145 | AA28: 0
A30: Grundmatris Sampers 2019 (lbu+lbs)
C32: 700611 | D32: 700612 | E32: 700613 | F32: 700614 | G32: 700715 | H32: 700716 | I32: 700817 | J32: 700818 | K32: 700819 | L32: 700820 | M32: 701022 | N32: 738101 | O32: 738102 | P32: 738103 | Q32: 738104 | R32: 738105 | S32: 738107 | T32: 738108 | U32: 738109 | V32: 738110 | W32: 738111 | X32: 738112 | Y32: 738151 | Z32: 738152 | AA32: 738153
B33: 700611 | C33: 0 | D33: 0 | E33: 0.000278 | F33: 0.03893 | G33: 0.005258 | H33: 0.081995 | I33: 0 | J33: 0 | K33: 0.025343 | L33: 0.004385 | M33: 0.000281 | N33: 0.006911 | O33: 0.001994 | P33: 0.000666 | Q33: 0.000475 | R33: 0.001327 | S33: 0.014794 | T33: 0.001063 | U33: 0.000309 | V33: 0.000341 | W33: 0.000233 | X33: 0.002332 | Y33: 0.003059 | Z33: 0.000449 | AA33: 0.004312
B34: 700612 | C34: 0 | D34: 0 | E34: 0.000825 | F34: 0.091484 | G34: 0.015091 | H34: 0.246412 | I34: 0 | J34: 0 | K34: 0.064846 | L34: 0.003221 | M34: 0.000863 | N34: 0.017984 | O34: 0.005088 | P34: 0.002283 | Q34: 0.000786 | R34: 0.002199 | S34: 0.026734 | T34: 0.001783 | U34: 0.000566 | V34: 0.000669 | W34: 0.000335 | X34: 0.005437 | Y34: 0.013864 | Z34: 0.000902 | AA34: 0.007745
B35: 700613 | C35: 0.000278 | D35: 0.000825 | E35: 0 | F35: 0.019846 | G35: 0.00239 | H35: 0.043568 | I35: 0.051252 | J35: 0.0419 | K35: 0.011027 | L35: 0.002039 | M35: 0.000127 | N35: 0.003907 | O35: 0.001247 | P35: 0.000346 | Q35: 0.000275 | R35: 0.000822 | S35: 0.007393 | T35: 0.000708 | U35: 0.000218 | V35: 0.000232 | W35: 0.000153 | X35: 0.001297 | Y35: 0.001501 | Z35: 0.000276 | AA35: 0.002491
B36: 700614 | C36: 0.03893 | D36: 0.091484 | E36: 0.019846 | F36: 0 | G36: 0 | H36: 0 | I36: 1.198191 | J36: 2.404486 | K36: 5.306473 | L36: 5.44277 | M36: 0.015598 | N36: 0.418083 | O36: 0.171082 | P36: 0.05294 | Q36: 0.03665 | R36: 0.104739 | S36: 0.860147 | T36: 0.096836 | U36: 0.030751 | V36: 0.031586 | W36: 0.019088 | X36: 0.200479 | Y36: 0.343052 | Z36: 0.037361 | AA36: 0.256482
B37: 700715 | C37: 0.005258 | D37: 0.015091 | E37: 0.00239 | F37: 0 | G37: 0 | H37: 0 | I37: 0.432221 | J37: 0.104412 | K37: 0.003651 | L37: 0.093084 | M37: 0 | N37: 0.077125 | O37: 0.315696 | P37: 0.007933 | Q37: 0.004154 | R37: 0.011103 | S37: 0.122079 | T37: 0.006529 | U37: 0.002163 | V37: 0.002335 | W37: 0.001508 | X37: 0.007472 | Y37: 0.038339 | Z37: 0.004468 | AA37: 0.020457
B38: 700716 | C38: 0.081995 | D38: 0.246412 | E38: 0.043568 | F38: 0 | G38: 0 | H38: 0 | I38: 33.27233 | J38: 5.227588 | K38: 0.002289 | L38: 7.184312 | M38: 0 | N38: 0.703211 | O38: 0 | P38: 0.104264 | Q38: 0.076317 | R38: 0.185297 | S38: 0.606636 | T38: 0.118841 | U38: 0.06336 | V38: 0.066322 | W38: 0.043587 | X38: 0.21497 | Y38: 0.268631 | Z38: 0.065668 | AA38: 0.298068
B39: 700817 | C39: 0 | D39: 0 | E39: 0.051252 | F39: 1.198627 | G39: 0.432938 | H39: 33.37118 | I39: 0 | J39: 0 | K39: 8.311441 | L39: 0 | M39: 0 | N39: 1.031378 | O39: 0.417001 | P39: 0.096373 | Q39: 0.103035 | R39: 0.320598 | S39: 2.260973 | T39: 0.296714 | U39: 0.087152 | V39: 0.096441 | W39: 0.052904 | X39: 0.416967 | Y39: 0.409099 | Z39: 0.106629 | AA39: 0.704504
B40: 700818 | C40: 0 | D40: 0 | E40: 0.0419 | F40: 2.404661 | G40: 0.104412 | H40: 5.227588 | I40: 0 | J40: 0 | K40: 0.113849 | L40: 0 | M40: 0 | N40: 1.091147 | O40: 0.320671 | P40: 0.062966 | Q40: 0.067203 | R40: 0.201053 | S40: 4.057766 | T40: 0.19642 | U40: 0.018633 | V40: 0.065914 | W40: 0.014089 | X40: 0.079114 | Y40: 0.288362 | Z40: 0.07418 | AA40: 0.137697
B41: 700819 | C41: 0.025343 | D41: 0.064846 | E41: 0.011027 | F41: 5.306473 | G41: 0.003651 | H41: 0.002289 | I41: 8.311902 | J41: 0.113849 | K41: 0 | L41: 0.029349 | M41: 0 | N41: 0.397524 | O41: 0.092665 | P41: 0.037707 | Q41: 0.016558 | R41: 0.044336 | S41: 1.288386 | T41: 0.043787 | U41: 9.5e-05 | V41: 0.012395 | W41: 0.000164 | X41: 0.145869 | Y41: 0.165408 | Z41: 0.023844 | AA41: 0.253655
B42: 700820 | C42: 0.004385 | D42: 0.003221 | E42: 0.002039 | F42: 5.444529 | G42: 0.093084 | H42: 7.184312 | I42: 0 | J42: 0 | K42: 0.029349 | L42: 0 | M42: 0 | N42: 0.058878 | O42: 0.017479 | P42: 0.006649 | Q42: 0.003144 | R42: 0.008606 | S42: 0.124526 | T42: 0.008727 | U42: 0.038405 | V42: 0.002946 | W42: 0.025149 | X42: 0.205969 | Y42: 0.037846 | Z42: 0.00448 | AA42: 0.416853
B43: 701022 | C43: 0.000281 | D43: 0.000863 | E43: 0.000127 | F43: 0.015598 | G43: 0 | H43: 0 | I43: 0 | J43: 0 | K43: 0 | L43: 0 | M43: 0 | N43: 0.002931 | O43: 0.000904 | P43: 0.000515 | Q43: 0.000173 | R43: 0.000328 | S43: 0 | T43: 0.002898 | U43: 0.01175 | V43: 0.000862 | W43: 0.008781 | X43: 0 | Y43: 0 | Z43: 0 | AA43: 0
B44: 738101 | C44: 0.006911 | D44: 0.017984 | E44: 0.003907 | F44: 0.418083 | G44: 0.077125 | H44: 0.703211 | I44: 1.031378 | J44: 1.091147 | K44: 0.397524 | L44: 0.058878 | M44: 0.002931 | N44: 0 | O44: 0.030133 | P44: 0.006647 | Q44: 0.006407 | R44: 0.019059 | S44: 0.150896 | T44: 0.017728 | U44: 0.005722 | V44: 0.006033 | W44: 0.003904 | X44: 0.027257 | Y44: 0.025085 | Z44: 0.006421 | AA44: 0.055957
... B57: 738153 | C57: 0.004312 | D57: 0.007745 | E57: 0.002491 | F57: 0.256482 | G57: 0.020457 | H57: 0.298068 | I57: 0.704504 | J57: 0.137697 | K57: 0.253655 | L57: 0.416853 | M57: 0 | N57: 0.055957 | O57: 0.019552 | P57: 0.003881 | Q57: 0.00404 | R57: 0.012595 | S57: 0.097805 | T57: 0.012789 | U57: 0.004101 | V57: 0.004266 | W57: 0.002722 | X57: 0.01837 | Y57: 0.014754 | Z57: 0.00442 | AA57: 0
B60: Steg 1:
B61: Höja/sänka grundmatrisen i ytterzonerna då sampers underksattade en del från dessa baserat på mätningar från kommunen men framförallt trafikverkets vägar (NVDB mätningar). Gjorde det manuellt innan kalibreringsverktyget användes i Dynameq
B62: Detta är bara Pb/pby matrisen
C63: 700611 | D63: 700612 | E63: 700613 | F63: 700614 | G63: 700715 | H63: 700716 | I63: 700817 | J63: 700818 | K63: 700819 | L63: 700820 | M63: 701022 | N63: 738101 | O63: 738102 | P63: 738103 | Q63: 738104 | R63: 738105 | S63: 738107 | T63: 738108 | U63: 738109 | V63: 738110 | W63: 738111 | X63: 738112 | Y63: 738151 | Z63: 738152 | AA63: 738153
B64: 700611 | F64: 8.279646 | G64: 3.3494025 | N64: 7.2301464 | O64: 4.0700304 | P64: 0.7425228 | Q64: 0.5999334 | R64: 1.3228422 | S64: 4.5131874 | T64: 0.9807138 | U64: 0.3538608 | V64: 0.6873966 | W64: 0.553851 | X64: 1.2866298 | Y64: 1.7118804 | Z64: 2.1728778 | AA64: 8.654352
B65: 700612 | F65: 5.2604355 | G65: 4.2702025 | N65: 7.248423 | O65: 3.034228 | P65: 0.7780795 | Q65: 0.4949655 | R65: 2.763147 | S65: 6.0253485 | T65: 0.8358785 | U65: 0.5986425 | V65: 1.2919455 | W65: 0.739273 | X65: 2.62321 | Y65: 1.9582775 | Z65: 1.302044 | AA65: 10.63834
B66: 700613 | F66: 11.602293 | G66: 9.21022 | N66: 5.928004 | O66: 2.2993168 | P66: 0.4549924 | Q66: 0.5885224 | R66: 1.8326484 | S66: 3.8741024 | T66: 0.3568728 | U66: 0.7274044 | V66: 0.4248408 | W66: 0.410686 | X66: 0.9893636 | Y66: 1.5090288 | Z66: 0.6612484 | AA66: 1.8702316
B67: 700614
B68: 700715
B69: 700716 | I69: -200
B70: 700817 | N70: 3.6369371 | O70: 2.1038353 | P70: 0.49485222 | Q70: 0.34886244 | R70: 0.92000688 | S70: 6.4250772 | T70: 1.2313392 | U70: 0.3697476 | V70: 0.52026828 | W70: 0.37786422 | Z70: 1.0493584
B71: 700818 | F71: 69.689724 | G71: 14.599403 | N71: 16.861165 | O71: 7.7562131 | P71: 1.7666926 | Q71: 1.2488062 | R71: 5.7448031 | S71: 27.742032 | T71: 4.4937671 | U71: 1.5446802 | V71: 2.672969 | W71: 0.9577938 | Z71: 5.1564032
B72: 700819 | I72: -20
B73: 700820
B74: 701022 | F74: 1.8995025 | G74: 0
B75: 738101 | C75: 22.105998 | D75: 30.619085 | E75: 47.38566 | F75: 20.912727 | G75: 14.371752 | J75: 15.217119 | K75: 34.549218 | L75: 13.148038 | Y75: 18.00183 | Z75: 38.873408 | AA75: 23.169222
B76: 738102 | C76: 14.587014 | D76: 16.980365 | E76: 57.765277 | F76: 18.71436 | G76: 22.057385 | J76: 10.904185 | K76: 30.690637 | L76: 18.93178 | Y76: 14.115024 | Z76: 27.351736 | AA76: 21.670416
B77: 738103 | C77: 6.629982 | D77: 5.7474 | E77: 12.29627 | F77: 4.167888 | G77: 7.3198 | J77: 3.5173911 | K77: 9.1596777 | L77: 6.365799 | Y77: 4.416168 | Z77: 8.744036 | AA77: 7.428038
B78: 738104 | C78: 4.231056 | D78: 1.917355 | E78: 16.12261 | F78: 4.4552235 | G78: 5.0233325 | J78: 3.831423 | K78: 7.6058786 | L78: 4.0614552 | Y78: 7.588412 | Z78: 6.827976 | AA78: 7.055464
B79: 738105 | C79: 6.896334 | D79: 11.23706 | E79: 24.890565 | F79: 11.084619 | G79: 7.06577 | J79: 9.6764993 | K79: 20.817658 | L79: 6.1715874 | Y79: 9.913486 | Z79: 12.894936 | AA79: 17.367532
B80: 738107 | C80: 4.169868 | D80: 8.68367 | E80: 18.522298 | F80: 8.183172 | G80: 5.321805 | J80: 11.755571 | K80: 18.511227 | L80: 6.6756228 | N80: 21.294608 | O80: 12.189477 | P80: 2.82309 | Q80: 2.034863 | R80: 5.132277 | S80: 5.28 | T80: 3.32919 | U80: 0.765032 | V80: 2.614821 | W80: 1.179865 | X80: 9.364659 | Y80: 8.319018 | Z80: 9.524498 | AA80: 2.832596
B81: 738108 | C81: 3.872388 | D81: 4.96517 | E81: 18.059632 | F81: 6.413277 | G81: 2.8426575 | J81: 8.5905638 | K81: 10.374262 | L81: 6.1127154 | Y81: 6.91056 | Z81: 6.164646 | AA81: 12.42101
B82: 738109 | C82: 1.511949 | D82: 3.55104 | E82: 14.923843 | F82: 3.142995 | G82: 2.69986 | J82: 2.9440496 | K82: 2.5489374 | L82: 3.9810243 | Y82: 2.619652 | Z82: 3.10975 | AA82: 9.010084
B83: 738110 | C83: 4.582113 | D83: 4.953895 | E83: 15.641045 | F83: 7.755279 | G83: 3.351335 | J83: 6.2650107 | K83: 8.1430295 | L83: 3.9745563 | Y83: 10.291366 | Z83: 7.529804 | AA83: 13.478328
B84: 738111 | C84: 4.920054 | D84: 6.27687 | E84: 6.586825 | F84: 7.303182 | G84: 5.6840675 | J84: 5.7077956 | K84: 6.1315223 | L84: 7.1987124 | Y84: 4.971082 | Z84: 3.943476 | AA84: 12.344532
B85: 738112 | C85: 8.356161 | D85: 12.818665 | E85: 14.74074 | F85: 6.6836955 | G85: 5.87899 | J85: 9.3114346 | K85: 27.214053 | L85: 27.700959 | Y85: 13.4611 | Z85: 13.538918 | AA85: 11.010332
B86: 738151 | C86: 9.352431 | D86: 14.415755 | E86: 22.66117 | F86: 7.325073 | G86: 6.7379225 | J86: 12.808191 | K86: 16.492386 | L86: 8.3723508 | N86: 11.870866 | O86: 5.4588375 | P86: 1.1039825 | Q86: 0.92914 | R86: 3.7465695 | S86: 10.922847 | T86: 3.793284 | U86: 0.8353085 | V86: 1.824134 | W86: 1.73681 | X86: 5.578958 | Y86: 28.22 | Z86: 17.47502 | AA86: 28.319982
B87: 738152 | C87: 12.641412 | D87: 14.115165 | E87: 29.808502 | F87: 15.109405 | G87: 11.183242 | J87: 16.803639 | K87: 26.071593 | L87: 10.410635 | N87: 1.5850675 | O87: 1.0296365 | P87: 0.1995578 | Q87: 0.1502592 | R87: 0.48111205 | S87: 1.1557258 | T87: 0.4184799 | U87: 0.07953825 | V87: 0.2141767 | W87: 0.1554005 | X87: 0.58378245 | Y87: 23.773668 | Z87: 14.14 | AA87: 19.195398
B88: 738153 | C88: 1.444047 | D88: 2.379975 | E88: 7.4191425 | F88: 2.7716295 | G88: 1.3957375 | J88: 0.95192305 | K88: 6.1599254 | L88: 8.8914639 | N88: 50.7046 | O88: 30.34549 | P88: 7.91008 | Q88: 5.76374 | R88: 16.02014 | S88: 7.23349 | T88: 8.39699 | U88: 2.74931 | V88: 8.73881 | W88: 3.56097 | X88: 9.84984 | Y88: 2.019156 | Z88: 33.81145 | AA88: 0
B90: Steg 2:
B91: Uppdaterad Pb/pby matris med samperszonerna
B92: Det är sedan denna vi delar upp med den där tabellen jag skickade, se flik uppdelningstal
C93: 700611 | D93: 700612 | E93: 700613 | F93: 700614 | G93: 700715 | H93: 700716 | I93: 700817 | J93: 700818 | K93: 700819 | L93: 700820 | M93: 701022 | N93: 738101 | O93: 738102 | P93: 738103 | Q93: 738104 | R93: 738105 | S93: 738107 | T93: 738108 | U93: 738109 | V93: 738110 | W93: 738111 | X93: 738112 | Y93: 738151 | Z93: 738152 | AA93: 738153
B94: 700611 | C94: =C64+C4 -> 0 | D94: =D64+D4 -> 0 | E94: =E64+E4 -> 0.733032 | F94: =F64+F4 -> 13.79941 | G94: =G64+G4 -> 4.6891635 | H94: =H64+H4 -> 13.100322 | I94: =I64+I4 -> 3.662453 | J94: =J64+J4 -> 1.439829 | ... AA94: =AA64+AA4 -> 12.981528
B95: 700612 | C95: =C65+C5 -> 0 | D95: =D65+D5 -> 0 | E95: =E65+E5 -> 2.193773 | F95: =F65+F5 -> 8.7673925 | G95: =G65+G5 -> 5.9782835 | H95: =H65+H5 -> 25.612949 | I95: =I65+I5 -> 3.594923 | J95: =J65+J5 -> 2.797354 | ... AA95: =AA65+AA5 -> 15.95751
B96: 700613 | C96: =C66+C6 -> 2.979703 | D96: =D66+D6 -> 1.434597 | E96: =E66+E6 -> 0 | F96: =F66+F6 -> 19.337155 | G96: =G66+G6 -> 12.894308 | H96: =H66+H6 -> 23.219633 | I96: =I66+I6 -> 23.498498 | J96: =J66+J6 -> 14.212009 | ... AA96: =AA66+AA6 -> 6.5458106
B97: 700614 | C97: =C67+C7 -> 2.762057 | D97: =D67+D7 -> 4.063984 | E97: =E67+E7 -> 1.391482 | F97: =F67+F7 -> 0 | G97: =G67+G7 -> 16.61195 | H97: =H67+H7 -> 0 | I97: =I67+I7 -> 61.001679 | J97: =J67+J7 -> 56.557619 | ... AA97: =AA67+AA7 -> 16.918924
B98: 700715 | C98: =C68+C8 -> 1.275342 | D98: =D68+D8 -> 1.617101 | E98: =E68+E8 -> 0.765046 | F98: =F68+F8 -> 11.08358 | G98: =G68+G8 -> 0 | H98: =H68+H8 -> 3.724316 | I98: =I68+I8 -> 29.665761 | J98: =J68+J8 -> 9.893036 | ... AA98: =AA68+AA8 -> 5.936065
B99: 700716 | C99: =C69+C9 -> 11.852271 | D99: =D69+D9 -> 10.237136 | E99: =E69+E9 -> 5.731874 | F99: =F69+F9 -> 0 | G99: =G69+G9 -> 1.568403 | H99: =H69+H9 -> 0 | I99: =I69+I9 -> 478.14585 | J99: =J69+J9 -> 179.57556 | ... AA99: =AA69+AA9 -> 27.919623
B100: 700817 | C100: =C70+C10 -> 0.962508 | D100: =D70+D10 -> 1.40331 | E100: =E70+E10 -> 3.654854 | F100: =F70+F10 -> 36.398252 | G100: =G70+G10 -> 13.449436 | H100: =H70+H10 -> 667.94204 | I100: =I70+I10 -> 0 | J100: =J70+J10 -> 0 | ... AA100: =AA70+AA10 -> 41.280809
B101: 700818 | C101: =C71+C11 -> 0.959803 | D101: =D71+D11 -> 1.151615 | E101: =E71+E11 -> 4.596197 | F101: =F71+F11 -> 116.14954 | G101: =G71+G11 -> 20.439163 | H101: =H71+H11 -> 195.22178 | I101: =I71+I11 -> 0 | J101: =J71+J11 -> 0 | ... AA101: =AA71+AA11 -> 19.393675
B102: 700819 | C102: =C72+C12 -> 2.508346 | D102: =D72+D12 -> 4.334814 | E102: =E72+E12 -> 2.949009 | F102: =F72+F12 -> 18.853192 | G102: =G72+G12 -> 0.999043 | H102: =H72+H12 -> 36.674651 | I102: =I72+I12 -> 134.14749 | J102: =J72+J12 -> 14.205725 | ... AA102: =AA72+AA12 -> 20.325012
B103: 700820 | C103: =C73+C13 -> 2.039776 | D103: =D73+D13 -> 0.412063 | E103: =E73+E13 -> 0.807716 | F103: =F73+F13 -> 19.164033 | G103: =G73+G13 -> 3.114837 | H103: =H73+H13 -> 117.5591 | I103: =I73+I13 -> 0 | J103: =J73+J13 -> 0 | ... AA103: =AA73+AA13 -> 18.154378
B104: 701022 | C104: =C74+C14 -> 0.060561 | D104: =D74+D14 -> 0.046015 | E104: =E74+E14 -> 0.230946 | F104: =F74+F14 -> 3.1658375 | G104: =G74+G14 -> 0 | H104: =H74+H14 -> 0 | I104: =I74+I14 -> 0 | J104: =J74+J14 -> 0 | ... AA104: =AA74+AA14 -> 0
B105: 738101 | C105: =C75+C15 -> 29.474664 | D105: =D75+D15 -> 36.742902 | E105: =E75+E15 -> 50.093412 | F105: =F75+F15 -> 34.854545 | G105: =G75+G15 -> 20.120453 | H105: =H75+H15 -> 35.757355 | I105: =I75+I15 -> 43.789593 | J105: =J75+J15 -> 38.628072 | ... AA105: =AA75+AA15 -> 34.753833
... B118: 738153 | C118: =C88+C28 -> 1.925396 | D118: =D88+D28 -> 2.85597 | E118: =E88+E28 -> 7.8430935 | F118: =F88+F28 -> 4.6193825 | G118: =G88+G28 -> 1.9540325 | H118: =H88+H28 -> 5.121743 | I118: =I88+I28 -> 6.165287 | J118: =J88+J28 -> 2.4164201 | ... AA118: =AA88+AA28 -> 0

Sheet Uppdelningstal
A1: Nya zoner | B1: Originalzon Sampers | C1: Kommentar | D1: Andel nattbefolkning (till resor EM) | E1: Andel dagbefolkning (frånresor EM)
A2: 1 | B2: 700611 | D2: 1 | E2: 1
A3: 2 | B3: 700612 | D3: 1 | E3: 1
A4: 3 | B4: 700613 | D4: 1 | E4: 1
A5: 4 | B5: 700614 | D5: 1 | E5: 1
A6: 5 | B6: 700715 | D6: 1 | E6: 1
A7: 6 | B7: 700716 | D7: 1 | E7: 1
A8: 7 | B8: 700817 | D8: 1 | E8: 1
A9: 8 | B9: 700818 | D9: 1 | E9: 1
A10: 9 | B10: 700819 | D10: 1 | E10: 1
A11: 10 | B11: 700820 | D11: 1 | E11: 1
A12: 11 | B12: 701022 | D12: 1 | E12: 1
A13: 7381011 | B13: 738101 | D13: 0.01 | E13: 0.05
... A80: 7381534 | B80: 738153 | D80: 0.25 | E80: 0.2
A81: 13 | B81: 13 | C81: pendlar p norr
A82: 14 | B82: 14 | C82: pendlar p syd
A83: 15 | B83: 15 | C83: ny industrizon

Sheet Uppdelad pb matris
A1: Steg 3: Uppdelad pb/pby matris ink nya zoner.
C2: 1 | D2: 2 | E2: 3 | F2: 4 | G2: 5 | H2: 6 | I2: 7 | J2: 8 | K2: 9 | L2: 10 | M2: 11 | N2: 7381011 | O2: 7381012 | P2: 7381013 | Q2: 7381014 | R2: 7381015 | S2: 7381016 | T2: 7381017 | U2: 7381018 | V2: 7381021 | W2: 7381022 | X2: 7381023 | Y2: 7381024 | Z2: 7381031 | AA2: 7381032 | AB2: 7381033 | AC2: 7381034 | AD2: 7381041 | AE2: 7381042 | AF2: 7381043 | AG2: 7381044 | AH2: 7381051 | AI2: 7381052 | AJ2: 7381053 | AK2: 7381054 | AL2: 7381055 | AM2: 7381071 | AN2: 7381072 | AO2: 7381073 | AP2: 7381074 | AQ2: 7381075 | AR2: 7381076 | AS2: 7381077 | AT2: 7381081 | AU2: 7381082 | AV2: 7381083 | AW2: 7381084 | AX2: 7381085 | AY2: 7381086 | AZ2: 7381091 | BA2: 7381092 | BB2: 7381092 | BC2: 7381101 | BD2: 7381102 | BE2: 7381103 | BF2: 7381111 | BG2: 7381112 | BH2: 7381113 | BI2: 7381121 | BJ2: 7381122 | BK2: 7381123 | BL2: 7381124 | BM2: 7381511 | BN2: 7381512 | BO2: 7381513 | BP2: 7381514 | BQ2: 7381515 | BR2: 7381516 | BS2: 7381517 | BT2: 7381518 | BU2: 7381521 | BV2: 7381522 | BW2: 7381523 | BX2: 7381524 | BY2: 7381525 | BZ2: 7381531 | CA2: 7381532 | CB2: 7381533 | CC2: 7381534 | CD2: 13 | CE2: 14 | CF2: 15
B3: 1 | C3: 0 | D3: 0 | E3: 0.733032 | F3: 13.79941 | G3: 4.6891635 | H3: 13.100322 | I3: 3.662453 | J3: 1.439829 | K3: 4.319857 | L3: 0.613063 | M3: 0.060561 | N3: 0.1928039 | O3: 2.8920586 | P3: 4.6272937 | Q3: 4.6272937 | R3: 5.7841171 | S3: 0.57841171 | T3: 0.1928039 | U3: 0.38560781 | V3: 2.7133536 | W3: 1.6280122 | X3: 1.6280122 | Y3: 4.8840365 | Z3: 0.97022979 | AA3: 0.77222371 | AB3: 0.039601216 | AC3: 0.19800608 | AD3: 0.31996448 | AE3: 0.63992896 | AF3: 0.3999556 | AG3: 0.23997336 | AH3: 1.9048928 | AI3: 0.70551584 | AJ3: 0.70551584 | AK3: 0.10582738 | AL3: 0.10582738 | AM3: 0.24070333 | AN3: 8.9060231 | AO3: 0.60175832 | AP3: 0.24070333 | AQ3: 0.60175832 | AR3: 1.2035166 | AS3: 0.24070333 | AT3: 0.49689499 | AU3: 0.62765683 | AV3: 0.052304736 | AW3: 0.39228552 | AX3: 0.99378998 | AY3: 0.052304736 | AZ3: 0.56617728 | BA3: 0.18872576 | BB3: 0.18872576 | BC3: 1.4664461 | BD3: 0.36661152 | BE3: 0 | BF3: 0.0369234 | BG3: 1.4030892 | BH3: 0.0369234 | BI3: 0.17155064 | BJ3: 0.068620256 | BK3: 2.8477406 | BL3: 0.34310128 | BM3: 0.11412536 | BN3: 0.91300288 | BO3: 0.5706268 | BP3: 0.68475216 | BQ3: 0.5706268 | BR3: 0.11412536 | BS3: 0.91300288 | BT3: 0.68475216 | BU3: 1.9700759 | BV3: 0.57943408 | BW3: 2.2597929 | BX3: 0.86915112 | BY3: 0.11588682 | BZ3: 3.245382 | CA3: 3.245382 | CB3: 3.245382 | CC3: 3.245382 | CD3: 0.3673516 | CE3: 0.047080808 | CF3: 0.45444796 | CH3: =SUM(C3:CF3) -> 126.20376
B4: 2 | C4: 0 | D4: 0 | E4: 2.193773 | F4: 8.7673925 | G4: 5.9782835 | H4: 25.612949 | I4: 3.594923 | J4: 2.797354 | K4: 4.35267 | L4: 1.133021 | M4: 0.046015 | N4: 0.21745269 | O4: 3.2617904 | P4: 5.2188646 | Q4: 5.2188646 | R4: 6.5235807 | S4: 0.65235807 | T4: 0.21745269 | U4: 0.43490538 | V4: 2.275671 | W4: 1.3654026 | X4: 1.3654026 | Y4: 4.0962078 | Z4: 1.1437769 | AA4: 0.91035302 | AB4: 0.04668477 | AC4: 0.23342385 | AD4: 0.2969793 | AE4: 0.5939586 | AF4: 0.37122413 | AG4: 0.22273448 | AH4: 4.4762981 | AI4: 1.6578882 | AJ4: 1.6578882 | AK4: 0.24868323 | AL4: 0.24868323 | AM4: 0.36152091 | AN4: 13.376274 | AO4: 0.90380227 | AP4: 0.36152091 | AQ4: 0.90380227 | AR4: 1.8076045 | AS4: 0.36152091 | AT4: 0.47645075 | AU4: 0.60183252 | AV4: 0.05015271 | AW4: 0.37614533 | AX4: 0.95290149 | AY4: 0.05015271 | AZ4: 1.0775565 | BA4: 0.3591855 | BB4: 0.3591855 | BC4: 3.1006692 | BD4: 0.7751673 | BE4: 0 | BF4: 0.055445475 | BG4: 2.1069281 | BH4: 0.055445475 | BI4: 0.3934815 | BJ4: 0.1573926 | BK4: 6.5317929 | BL4: 0.786963 | BM4: 0.14687081 | BN4: 1.1749665 | BO4: 0.73435406 | BP4: 0.88122488 | BQ4: 0.73435406 | BR4: 0.14687081 | BS4: 1.1749665 | BT4: 0.88122488 | BU4: 1.3280849 | BV4: 0.3906132 | BW4: 1.5233915 | BX4: 0.5859198 | BY4: 0.07812264 | BZ4: 3.9893775 | CA4: 3.9893775 | CB4: 3.9893775 | CC4: 3.9893775 | CD4: 0.45156601 | CE4: 0.057873963 | CF4: 0.55862899 | CH4: =SUM(C4:CF4) -> 160.58235
B5: 3 | C5: 2.979703 | D5: 1.434597 | E5: 0 | F5: 19.337155 | G5: 12.894308 | H5: 23.219633 | I5: 23.498498 | J5: 14.212009 | K5: 5.310744 | L5: 1.617766 | M5: 0.631449 | N5: 0.20748014 | O5: 3.1122021 | P5: 4.9795234 | Q5: 4.9795234 | R5: 6.2244042 | S5: 0.62244042 | T5: 0.20748014 | U5: 0.41496028 | V5: 2.0119022 | W5: 1.2071413 | X5: 1.2071413 | Y5: 3.621424 | Z5: 0.78031197 | AA5: 0.62106463 | AB5: 0.031849468 | AC5: 0.15924734 | AD5: 0.41196568 | AE5: 0.82393136 | AF5: 0.5149571 | AG5: 0.30897426 | AH5: 3.4637055 | AI5: 1.2828539 | AJ5: 1.2828539 | AK5: 0.19242808 | AL5: 0.19242808 | AM5: 0.27118717 | AN5: 10.033925 | AO5: 0.67796792 | AP5: 0.27118717 | AQ5: 0.67796792 | AR5: 1.3559358 | AS5: 0.27118717 | AT5: 0.23732041 | AU5: 0.29977315 | AV5: 0.024981096 | AW5: 0.18735822 | AX5: 0.47464082 | AY5: 0.024981096 | AZ5: 1.5275492 | BA5: 0.50918308 | BB5: 0.50918308 | BC5: 1.1895542 | BD5: 0.29738856 | BE5: 0 | BF5: 0.035935025 | BG5: 1.365531 | BH5: 0.035935025 | BI5: 0.17313863 | BJ5: 0.069255452 | BK5: 2.8741013 | BL5: 0.34627726 | BM5: 0.13204002 | BN5: 1.0563202 | BO5: 0.6602001 | BP5: 0.79224012 | BQ5: 0.6602001 | BR5: 0.13204002 | BS5: 1.0563202 | BT5: 0.79224012 | BU5: 0.7868856 | BV5: 0.23143694 | BW5: 0.90260407 | BX5: 0.34715541 | BY5: 0.046287388 | BZ5: 1.6364527 | CA5: 1.6364527 | CB5: 1.6364527 | CC5: 1.6364527 | CD5: 0.39692895 | CE5: 0.050871524 | CF5: 0.49103788 | CH5: =SUM(C5:CF5) -> 182.82012
B6: 4 | C6: 2.762057 | D6: 4.063984 | E6: 1.391482 | F6: 0 | G6: 16.61195 | H6: 0 | I6: 61.001679 | J6: 56.557619 | K6: 29.108081 | L6: 16.433524 | M6: 1.972008 | N6: 0.37849767 | O6: 5.677465 | P6: 9.0839441 | Q6: 9.0839441 | R6: 11.35493 | S6: 1.135493 | T6: 0.37849767 | U6: 0.75699534 | V6: 5.1129587 | W6: 3.0677752 | X6: 3.0677752 | Y6: 9.2033257 | Z6: 0.97959232 | AA6: 0.77967552 | AB6: 0.03998336 | AC6: 0.1999168 | AD6: 0.5414902 | AE6: 1.0829804 | AF6: 0.67686275 | AG6: 0.40611765 | AH6: 4.6809992 | AI6: 1.7337034 | AJ6: 1.7337034 | AK6: 0.26005551 | AL6: 0.26005551 | AM6: 0.46919076 | AN6: 17.360058 | AO6: 1.1729769 | AP6: 0.46919076 | AQ6: 1.1729769 | AR6: 2.3459538 | AS6: 0.46919076 | AT6: 1.374581 | AU6: 1.7363129 | AV6: 0.14469274 | AW6: 1.0851955 | AX6: 2.7491621 | AY6: 0.14469274 | AZ6: 2.9920008 | BA6: 0.9973336 | BB6: 0.9973336 | BC6: 2.926104 | BD6: 0.731526 | BE6: 0 | BF6: 0.10322048 | BG6: 3.922378 | BH6: 0.10322048 | BI6: 0.477607 | BJ6: 0.1910428 | BK6: 7.9282762 | BL6: 0.955214 | BM6: 0.19785108 | BN6: 1.5828086 | BO6: 0.98925538 | BP6: 1.1871064 | BQ6: 0.98925538 | BR6: 0.19785108 | BS6: 1.5828086 | BT6: 1.1871064 | BU6: 1.7928628 | BV6: 0.5273126 | BW6: 2.0565191 | BX6: 0.7909689 | BY6: 0.10546252 | BZ6: 4.229731 | CA6: 4.229731 | CB6: 4.229731 | CC6: 4.229731 | CD6: 1.4363164 | CE6: 0.18408233 | CF6: 1.7768564 | CH6: =SUM(C6:CF6) -> 348.1019
B7: 5 | C7: 1.275342 | D7: 1.617101 | E7: 0.765046 | F7: 11.08358 | G7: 0 | H7: 3.724316 | I7: 29.665761 | J7: 9.893036 | K7: 0.52929 | L7: 1.305452 | M7: 0 | N7: 0.21740548 | O7: 3.2610822 | P7: 5.2177315 | Q7: 5.2177315 | R7: 6.5221644 | S7: 0.65221644 | T7: 0.21740548 | U7: 0.43481096 | V7: 4.4464862 | W7: 2.6678917 | X7: 2.6678917 | Y7: 8.0036752 | Z7: 0.85394946 | AA7: 0.67967406 | AB7: 0.03485508 | AC7: 0.1742754 | AD7: 0.5417874 | AE7: 1.0835748 | AF7: 0.67723425 | AG7: 0.40634055 | AH7: 2.4544647 | AI7: 0.909061 | AJ7: 0.909061 | AK7: 0.13635915 | AL7: 0.13635915 | AM7: 0.2187749 | AN7: 8.0946713 | AO7: 0.54693725 | AP7: 0.2187749 | AQ7: 0.54693725 | AR7: 1.0938745 | AS7: 0.2187749 | AT7: 0.70478657 | AU7: 0.89025672 | AV7: 0.07418806 | AW7: 0.55641045 | AX7: 1.4095731 | AY7: 0.07418806 | AZ7: 1.5397272 | BA7: 0.5132424 | BB7: 0.5132424 | BC7: 1.605028 | BD7: 0.401257 | BE7: 0 | BF7: 0.05888475 | BG7: 2.2376205 | BH7: 0.05888475 | BI7: 0.22546195 | BJ7: 0.09018478 | BK7: 3.7426684 | BL7: 0.4509239 | BM7: 0.09852395 | BN7: 0.7881916 | BO7: 0.49261975 | BP7: 0.5911437 | BQ7: 0.49261975 | BR7: 0.09852395 | BS7: 0.7881916 | BT7: 0.5911437 | BU7: 0.94779794 | BV7: 0.2787641 | BW7: 1.08718 | BX7: 0.41814615 | BY7: 0.05575282 | BZ7: 1.4840163 | CA7: 1.4840163 | CB7: 1.4840163 | CC7: 1.4840163 | CD7: 0.50393674 | CE7: 0.064585942 | CF7: 0.62341643 | CH7: =SUM(C7:CF7) -> 148.32429
B8: 6 | C8: 11.852271 | D8: 10.237136 | E8: 5.731874 | F8: 0 | G8: 1.568403 | H8: 0 | I8: 478.14585 | J8: 179.57556 | K8: 19.979292 | L8: 105.04038 | M8: 0 | N8: 0.64593383 | O8: 9.6890075 | P8: 15.502412 | Q8: 15.502412 | R8: 19.378015 | S8: 1.9378015 | T8: 0.64593383 | U8: 1.2918677 | V8: 6.7483772 | W8: 4.0490264 | X8: 4.0490264 | Y8: 12.147079 | Z8: 3.2404263 | AA8: 2.5791148 | AB8: 0.1322623 | AC8: 0.6613115 | AD8: 1.0419636 | AE8: 2.0839272 | AF8: 1.3024545 | AG8: 0.7814727 | AH8: 10.823664 | AI8: 4.0087644 | AJ8: 4.0087644 | AK8: 0.60131466 | AL8: 0.60131466 | AM8: 1.0974912 | AN8: 40.607174 | AO8: 2.743728 | AP8: 1.0974912 | AQ8: 2.743728 | AR8: 5.4874559 | AS8: 1.0974912 | AT8: 3.407672 | AU8: 4.3044278 | AV8: 0.35870232 | AW8: 2.6902674 | AX8: 6.8153441 | AY8: 0.35870232 | AZ8: 4.7990328 | BA8: 1.5996776 | BB8: 1.5996776 | BC8: 9.2666112 | BD8: 2.3166528 | BE8: 0 | BF8: 0.2974112 | BG8: 11.301626 | BH8: 0.2974112 | BI8: 1.4661106 | BJ8: 0.58644424 | BK8: 24.337436 | BL8: 2.9322212 | BM8: 0.5105386 | BN8: 4.0843088 | BO8: 2.552693 | BP8: 3.0632316 | BQ8: 2.552693 | BR8: 0.5105386 | BS8: 4.0843088 | BT8: 3.0632316 | BU8: 4.1340821 | BV8: 1.2159065 | BW8: 4.7420353 | BX8: 1.8238597 | BY8: 0.2431813 | BZ8: 6.9799057 | CA8: 6.9799057 | CB8: 6.9799057 | CC8: 6.9799057 | CD8: 0 | CE8: 0 | CF8: 0 | CH8: =SUM(C8:CF8) -> 1129.6946
B9: 7 | C9: 0.962508 | D9: 1.40331 | E9: 3.654854 | F9: 36.398252 | G9: 13.449436 | H9: 667.94204 | I9: 0 | J9: 0 | K9: 158.1906 | L9: 0 | M9: 0 | N9: 0.64252555 | O9: 9.6378833 | P9: 15.420613 | Q9: 15.420613 | R9: 19.275767 | S9: 1.9275767 | T9: 0.64252555 | U9: 1.2850511 | V9: 9.2919391 | W9: 5.5751634 | X9: 5.5751634 | Y9: 16.72549 | Z9: 4.2837707 | AA9: 3.4095318 | AB9: 0.17484778 | AC9: 0.87423892 | AD9: 1.2326473 | AE9: 2.4652946 | AF9: 1.5408091 | AG9: 0.92448547 | AH9: 8.7768656 | AI9: 3.250691 | AJ9: 3.250691 | AK9: 0.48760365 | AL9: 0.48760365 | AM9: 2.2701939 | AN9: 83.997176 | AO9: 5.6754849 | AP9: 2.2701939 | AQ9: 5.6754849 | AR9: 11.35097 | AS9: 2.2701939 | AT9: 4.1331952 | AU9: 5.2208782 | AV9: 0.43507318 | AW9: 3.2630489 | AX9: 8.2663905 | AY9: 0.43507318 | AZ9: 3.9193246 | BA9: 1.3064415 | BB9: 1.3064415 | BC9: 7.353125 | BD9: 1.8382813 | BE9: 0 | BF9: 0.16689003 | BG9: 6.3418212 | BH9: 0.16689003 | BI9: 1.8024856 | BJ9: 0.72099426 | BK9: 29.921262 | BL9: 3.6049713 | BM9: 0.5039767 | BN9: 4.0318136 | BO9: 2.5198835 | BP9: 3.0238602 | BQ9: 2.5198835 | BR9: 0.5039767 | BS9: 4.0318136 | BT9: 3.0238602 | BU9: 6.3031459 | BV9: 1.8538664 | BW9: 7.2300791 | BX9: 2.7807997 | BY9: 0.37077329 | BZ9: 10.320202 | CA9: 10.320202 | CB9: 10.320202 | CC9: 10.320202 | CD9: 0 | CE9: 0 | CF9: 0 | CH9: =SUM(C9:CF9) -> 1288.2712
B10: 8 | C10: 0.959803 | D10: 1.151615 | E10: 4.596197 | F10: 116.14954 | G10: 20.439163 | H10: 195.22178 | I10: 0 | J10: 0 | K10: 8.32614 | L10: 0 | M10: 0 | N10: 0.61232651 | O10: 9.1848976 | P10: 14.695836 | Q10: 14.695836 | R10: 18.369795 | S10: 1.8369795 | T10: 0.61232651 | U10: 1.224653 | V10: 7.041825 | W10: 4.225095 | X10: 4.225095 | Y10: 12.675285 | Z10: 3.143783 | AA10: 2.5021946 | AB10: 0.12831767 | AC10: 0.64158836 | AD10: 0.90702763 | AE10: 1.8140553 | AF10: 1.1337845 | AG10: 0.68027072 | AH10: 11.265861 | AI10: 4.1725412 | AJ10: 4.1725412 | AK10: 0.62588118 | AL10: 0.62588118 | AM10: 2.0149476 | AN10: 74.55306 | AO10: 5.0373689 | AP10: 2.0149476 | AQ10: 5.0373689 | AR10: 10.074738 | AS10: 2.0149476 | AT10: 3.1006993 | AU10: 3.9166728 | AV10: 0.3263894 | AW10: 2.4479205 | AX10: 6.2013987 | AY10: 0.3263894 | AZ10: 3.3657769 | BA10: 1.1219256 | BB10: 1.1219256 | BC10: 7.7656784 | BD10: 1.9414196 | BE10: 0 | BF10: 0.086957595 | BG10: 3.3043886 | BH10: 0.086957595 | BI10: 0.78502625 | BJ10: 0.3140105 | BK10: 13.031436 | BL10: 1.5700525 | BM10: 0.35335455 | BN10: 2.8268364 | BO10: 1.7667727 | BP10: 2.1201273 | BQ10: 1.7667727 | BR10: 0.35335455 | BS10: 2.8268364 | BT10: 2.1201273 | BU10: 6.366801 | BV10: 1.8725885 | BW10: 7.3030952 | BX10: 2.8088828 | BY10: 0.3745177 | BZ10: 4.8484187 | CA10: 4.8484187 | CB10: 4.8484187 | CC10: 4.8484187 | CD10: 1.6464081 | CE10: 0.21100826 | CF10: 2.0367593 | CH10: =SUM(C10:CF10) -> 675.76824
B11: 9 | C11: 2.508346 | D11: 4.334814 | E11: 2.949009 | F11: 18.853192 | G11: 0.999043 | H11: 36.674651 | I11: 134.14749 | J11: 14.205725 | K11: 0 | L11: 4.201745 | M11: 0 | N11: 0.31779966 | O11: 4.7669949 | P11: 7.6271918 | Q11: 7.6271918 | R11: 9.5339898 | S11: 0.95339898 | T11: 0.31779966 | U11: 0.63559932 | V11: 3.8599178 | W11: 2.3159506 | X11: 2.3159506 | Y11: 6.947852 | Z11: 1.6960027 | AA11: 1.3498797 | AB11: 0.0692246 | AC11: 0.346123 | AD11: 0.6106124 | AE11: 1.2212248 | AF11: 0.7632655 | AG11: 0.4579593 | AH11: 7.6637902 | AI11: 2.8384408 | AJ11: 2.8384408 | AK11: 0.42576612 | AL11: 0.42576612 | AM11: 0.73127242 | AN11: 27.05708 | AO11: 1.828181 | AP11: 0.73127242 | AQ11: 1.828181 | AR11: 3.6563621 | AS11: 0.73127242 | AT11: 2.29357 | AU11: 2.897141 | AV11: 0.24142842 | AW11: 1.8107131 | AX11: 4.58714 | AY11: 0.24142842 | AZ11: 1.4789376 | BA11: 0.4929792 | BB11: 0.4929792 | BC11: 3.0126552 | BD11: 0.7531638 | BE11: 0 | BF11: 0.056263475 | BG11: 2.138012 | BH11: 0.056263475 | BI11: 1.1671608 | BJ11: 0.4668643 | BK11: 19.374868 | BL11: 2.3343215 | BM11: 0.28871788 | BN11: 2.309743 | BO11: 1.4435894 | BP11: 1.7323073 | BQ11: 1.4435894 | BR11: 0.28871788 | BS11: 2.309743 | BT11: 1.7323073 | BU11: 4.7545913 | BV11: 1.3984092 | BW11: 5.4537959 | BX11: 2.0976138 | BY11: 0.27968184 | BZ11: 5.081253 | CA11: 5.081253 | CB11: 5.081253 | CC11: 5.081253 | CD11: 1.7254731 | CE11: 0.22114146 | CF11: 2.13457 | CH11: =SUM(C11:CF11) -> 417.19866
B12: 10 | C12: 2.039776 | D12: 0.412063 | E12: 0.807716 | F12: 19.164033 | G12: 3.114837 | H12: 117.5591 | I12: 0 | J12: 0 | K12: 3.279547 | L12: 0 | M12: 0 | N12: 0.16656647 | O12: 2.498497 | P12: 3.9975953 | Q12: 3.9975953 | R12: 4.9969941 | S12: 0.49969941 | T12: 0.16656647 | U12: 0.33313294 | V12: 2.2838153 | W12: 1.3702892 | X12: 1.3702892 | Y12: 4.1108675 | Z12: 1.0848193 | AA12: 0.86342763 | AB12: 0.04427834 | AC12: 0.2213917 | AD12: 0.5523042 | AE12: 1.1046084 | AF12: 0.69038025 | AG12: 0.41422815 | AH12: 2.5002076 | AI12: 0.9260028 | AJ12: 0.9260028 | AK12: 0.13890042 | AL12: 0.13890042 | AM12: 0.33565666 | AN12: 12.419296 | AO12: 0.83914165 | AP12: 0.33565666 | AQ12: 0.83914165 | AR12: 1.6782833 | AS12: 0.33565666 | AT12: 1.29065 | AU12: 1.6302948 | AV12: 0.1358579 | AW12: 1.0189342 | AX12: 2.5813001 | AY12: 0.1358579 | AZ12: 0.8305704 | BA12: 0.2768568 | BB12: 0.2768568 | BC12: 1.5278328 | BD12: 0.3819582 | BE12: 0 | BF12: 0.04830105 | BG12: 1.8354399 | BH12: 0.04830105 | BI12: 0.80820295 | BJ12: 0.32328118 | BK12: 13.416169 | BL12: 1.6164059 | BM12: 0.15321748 | BN12: 1.2257398 | BO12: 0.76608738 | BP12: 0.91930485 | BQ12: 0.76608738 | BR12: 0.15321748 | BS12: 1.2257398 | BT12: 0.91930485 | BU12: 1.590435 | BV12: 0.467775 | BW12: 1.8243225 | BX12: 0.7016625 | BY12: 0.093555 | BZ12: 4.5385945 | CA12: 4.5385945 | CB12: 4.5385945 | CC12: 4.5385945 | CD12: 1.5411991 | CE12: 0.19752439 | CF12: 1.9066061 | CH12: =SUM(C12:CF12) -> 259.34649
B13: 11 | C13: 0.060561 | D13: 0.046015 | E13: 0.230946 | F13: 3.1658375 | G13: 0 | H13: 0 | I13: 0 | J13: 0 | K13: 0 | L13: 0 | M13: 0 | N13: 0.10930239 | O13: 1.6395358 | P13: 2.6232574 | Q13: 2.6232574 | R13: 3.2790717 | S13: 0.32790717 | T13: 0.10930239 | U13: 0.21860478 | V13: 1.604266 | W13: 0.9625596 | X13: 0.9625596 | Y13: 2.8876788 | Z13: 0.42433559 | AA13: 0.33773649 | AB13: 0.01731982 | AC13: 0.0865991 | AD13: 0.1652886 | AE13: 0.3305772 | AF13: 0.20661075 | AG13: 0.12396645 | AH13: 0.0866781 | AI13: 0.032103 | AJ13: 0.032103 | AK13: 0.00481545 | AL13: 0.00481545 | AM13: 0 | AN13: 0 | AO13: 0 | AP13: 0 | AQ13: 0 | AR13: 0 | AS13: 0 | AT13: 0.39713363 | AU13: 0.50164248 | AV13: 0.04180354 | AW13: 0.31352655 | AX13: 0.79426726 | AY13: 0.04180354 | AZ13: 1.6966794 | BA13: 0.5655598 | BB13: 0.5655598 | BC13: 1.3669704 | BD13: 0.3417426 | BE13: 0 | BF13: 0.030636675 | BG13: 1.1641937 | BH13: 0.030636675 | BI13: 0 | BJ13: 0 | BK13: 0 | BL13: 0 | BM13: 0 | BN13: 0 | BO13: 0 | BP13: 0 | BQ13: 0 | BR13: 0 | BS13: 0 | BT13: 0 | BU13: 0 | BV13: 0 | BW13: 0 | BX13: 0 | BY13: 0 | BZ13: 0 | CA13: 0 | CB13: 0 | CC13: 0 | CD13: 0 | CE13: 0 | CF13: 0 | CH13: =SUM(C13:CF13) -> 30.555767
B14: 7381011 | C14: 1.4737332 | D14: 1.8371451 | E14: 2.5046706 | F14: 1.7427273 | G14: 1.0060227 | H14: 1.7878677 | I14: 2.1894796 | J14: 1.9314036 | K14: 2.6366509 | L14: 0.85661461 | M14: 0.3920346 | N14: 0 | O14: 0.1065 | P14: 0.1704 | Q14: 0.1704 | R14: 0.213 | S14: 0.0213 | T14: 0.0071 | U14: 0.0142 | V14: 0.44399481 | W14: 0.26639689 | X14: 0.26639689 | Y14: 0.79919066 | Z14: 0.19604185 | AA14: 0.15603331 | AB14: 0.008001708 | AC14: 0.04000854 | AD14: 0.0579101 | AE14: 0.1158202 | AF14: 0.072387625 | AG14: 0.043432575 | AH14: 0.38390174 | AI14: 0.14218583 | AJ14: 0.14218583 | AK14: 0.021327874 | AL14: 0.021327874 | AM14: 0.02919697 | AN14: 1.0802879 | AO14: 0.072992425 | AP14: 0.02919697 | AQ14: 0.072992425 | AR14: 0.14598485 | AS14: 0.02919697 | AT14: 0.10241513 | AU14: 0.12936648 | AV14: 0.01078054 | AW14: 0.08085405 | AX14: 0.20483026 | AY14: 0.01078054 | AZ14: 0.11036727 | BA14: 0.03678909 | BB14: 0.03678909 | BC14: 0.26537912 | BD14: 0.06634478 | BE14: 0 | BF14: 0.0043050038 | BG14: 0.16359014 | BH14: 0.0043050038 | BI14: 0.042264388 | BJ14: 0.016905755 | BK14: 0.70158883 | BL14: 0.084528775 | BM14: 0.033753431 | BN14: 0.27002745 | BO14: 0.16876716 | BP14: 0.20252059 | BQ14: 0.16876716 | BR14: 0.033753431 | BS14: 0.27002745 | BT14: 0.20252059 | BU14: 0.9912719 | BV14: 0.29155056 | BW14: 1.1370472 | BX14: 0.43732584 | BY14: 0.058310112 | BZ14: 0.43442291 | CA14: 0.43442291 | CB14: 0.43442291 | CC14: 0.43442291 | CD14: 0.049173241 | CE14: 0.0063021801 | CF14: 0.060831854 | CH14: =SUM(C14:CF14) -> 31.889469
... B84: 15 | C84: 1.6922825 | D84: 1.6734594 | E84: 1.4904879 | F84: 6.49616 | G84: 1.9628022 | H84: 0 | I84: 0 | J84: 5.1487439 | K84: 0 | L84: 9.4726639 | M84: 0 | N84: 0.17826257 | O84: 2.6739385 | P84: 4.4565642 | Q84: 4.4565642 | R84: 5.3478771 | S84: 0.53478771 | T84: 0.17826257 | U84: 0 | V84: 4.2674353 | W84: 2.1337177 | X84: 2.1337177 | Y84: 5.3342941 | Z84: 1.3904766 | AA84: 1.1123813 | AB84: 0 | AC84: 0.27809532 | AD84: 0.40527254 | AE84: 0.81054508 | AF84: 0.50659067 | AG84: 0.3039544 | AH84: 2.8161067 | AI84: 1.4080534 | AJ84: 1.4080534 | AK84: 0 | AL84: 0 | AM84: 0 | AN84: 2.0344671 | AO84: 0.12715419 | AP84: 0 | AQ84: 0.12715419 | AR84: 0.25430839 | AS84: 0 | AT84: 0.5904273 | AU84: 0.73803413 | AV84: 0 | AW84: 0.44282048 | AX84: 1.1808546 | AY84: 0 | AZ84: 0.57994627 | BA84: 0.19331542 | BB84: 0.19331542 | BC84: 2.4578484 | BD84: 0.61446209 | BE84: 0 | BF84: 0.031298327 | BG84: 1.1893364 | BH84: 0.031298327 | BI84: 0.17314581 | BJ84: 0 | BK84: 2.9434787 | BL84: 0.34629161 | BM84: 0.088734537 | BN84: 0.70987629 | BO84: 0.44367268 | BP84: 0.53240722 | BQ84: 0.44367268 | BR84: 0.088734537 | BS84: 0.70987629 | BT84: 0.53240722 | BU84: 4.1604915 | BV84: 1.1887119 | BW84: 4.7548474 | BX84: 1.7830678 | BY84: 0 | BZ84: 0 | CA84: 0 | CB84: 0 | CC84: 0 | CD84: 0 | CE84: 0 | CF84: 0 | CH84: =SUM(C84:CF84) -> 99.757008
B86: Steg 4: Kalibrerad matris i dynameq
C87: 1 | D87: 2 | E87: 3 | F87: 4 | G87: 5 | H87: 6 | I87: 7 | J87: 8 | K87: 9 | L87: 10 | M87: 11 | N87: 7381011 | O87: 7381012 | P87: 7381013 | Q87: 7381014 | R87: 7381015 | S87: 7381016 | T87: 7381017 | U87: 7381018 | V87: 7381021 | W87: 7381022 | X87: 7381023 | Y87: 7381024 | Z87: 7381031 | AA87: 7381032 | AB87: 7381033 | AC87: 7381034 | AD87: 7381041 | AE87: 7381042 | AF87: 7381043 | AG87: 7381044 | AH87: 7381051 | AI87: 7381052 | AJ87: 7381053 | AK87: 7381054 | AL87: 7381055 | AM87: 7381071 | AN87: 7381072 | AO87: 7381073 | AP87: 7381074 | AQ87: 7381075 | AR87: 7381076 | AS87: 7381077 | AT87: 7381081 | AU87: 7381082 | AV87: 7381083 | AW87: 7381084 | AX87: 7381085 | AY87: 7381086 | AZ87: 7381091 | BA87: 7381092 | BB87: 7381092 | BC87: 7381101 | BD87: 7381102 | BE87: 7381103 | BF87: 7381111 | BG87: 7381112 | BH87: 7381113 | BI87: 7381121 | BJ87: 7381122 | BK87: 7381123 | BL87: 7381124 | BM87: 7381511 | BN87: 7381512 | BO87: 7381513 | BP87: 7381514 | BQ87: 7381515 | BR87: 7381516 | BS87: 7381517 | BT87: 7381518 | BU87: 7381521 | BV87: 7381522 | BW87: 7381523 | BX87: 7381524 | BY87: 7381525 | BZ87: 7381531 | CA87: 7381532 | CB87: 7381533 | CC87: 7381534 | CD87: 13 | CE87: 14 | CF87: 15
B88: 1 | C88: =('Hela matrisen pb 14-16'!B705/4)+('Hela matrisen pb 14-16'!B790/4)+('Hela matrisen pb 14-16'!B875/4)+('Hela matrisen pb 14-16'!B960/4) -> 0 | D88: =('Hela matrisen pb 14-16'!C705/4)+('Hela matrisen pb 14-16'!C790/4)+('Hela matrisen pb 14-16'!C875/4)+('Hela matrisen pb 14-16'!C960/4) -> 0 | E88: =('Hela matrisen pb 14-16'!D705/4)+('Hela matrisen pb 14-16'!D790/4)+('Hela matrisen pb 14-16'!D875/4)+('Hela matrisen pb 14-16'!D960/4) -> 0 | F88: =('Hela matrisen pb 14-16'!E705/4)+('Hela matrisen pb 14-16'!E790/4)+('Hela matrisen pb 14-16'!E875/4)+('Hela matrisen pb 14-16'!E960/4) -> 6.967575 | G88: =('Hela matrisen pb 14-16'!F705/4)+('Hela matrisen pb 14-16'!F790/4)+('Hela matrisen pb 14-16'!F875/4)+('Hela matrisen pb 14-16'!F960/4) -> 1.9916375 | H88: =('Hela matrisen pb 14-16'!G705/4)+('Hela matrisen pb 14-16'!G790/4)+('Hela matrisen pb 14-16'!G875/4)+('Hela matrisen pb 14-16'!G960/4) -> 10.90795 | I88: =('Hela matrisen pb 14-16'!H705/4)+('Hela matrisen pb 14-16'!H790/4)+('Hela matrisen pb 14-16'!H875/4)+('Hela matrisen pb 14-16'!H960/4) -> 12.14568 | J88: =('Hela matrisen pb 14-16'!I705/4)+('Hela matrisen pb 14-16'!I790/4)+('Hela matrisen pb 14-16'!I875/4)+('Hela matrisen pb 14-16'!I960/4) -> 0 | ... M88: =('Hela matrisen pb 14-16'!L705/4)+('Hela matrisen pb 14-16'!L790/4)+('Hela matrisen pb 14-16'!L875/4)+('Hela matrisen pb 14-16'!L960/4) -> 0 | N88: ='Hela matrisen pb 14-16'!P705/4+'Hela matrisen pb 14-16'!P790/4+'Hela matrisen pb 14-16'!P875/4+'Hela matrisen pb 14-16'!P960/4 -> 0 | O88: ='Hela matrisen pb 14-16'!Q705/4+'Hela matrisen pb 14-16'!Q790/4+'Hela matrisen pb 14-16'!Q875/4+'Hela matrisen pb 14-16'!Q960/4 -> 8.5516375 | P88: ='Hela matrisen pb 14-16'!R705/4+'Hela matrisen pb 14-16'!R790/4+'Hela matrisen pb 14-16'!R875/4+'Hela matrisen pb 14-16'!R960/4 -> 2.9929525 | Q88: ='Hela matrisen pb 14-16'!S705/4+'Hela matrisen pb 14-16'!S790/4+'Hela matrisen pb 14-16'!S875/4+'Hela matrisen pb 14-16'!S960/4 -> 0 | R88: ='Hela matrisen pb 14-16'!T705/4+'Hela matrisen pb 14-16'!T790/4+'Hela matrisen pb 14-16'!T875/4+'Hela matrisen pb 14-16'!T960/4 -> 1.960045 | S88: ='Hela matrisen pb 14-16'!U705/4+'Hela matrisen pb 14-16'!U790/4+'Hela matrisen pb 14-16'!U875/4+'Hela matrisen pb 14-16'!U960/4 -> 0.99204 | T88: ='Hela matrisen pb 14-16'!V705/4+'Hela matrisen pb 14-16'!V790/4+'Hela matrisen pb 14-16'!V875/4+'Hela matrisen pb 14-16'!V960/4 -> 0 | U88: ='Hela matrisen pb 14-16'!W705/4+'Hela matrisen pb 14-16'!W790/4+'Hela matrisen pb 14-16'!W875/4+'Hela matrisen pb 14-16'!W960/4 -> 0.95985 | ... CC88: ='Hela matrisen pb 14-16'!CE705/4+'Hela matrisen pb 14-16'!CE790/4+'Hela matrisen pb 14-16'!CE875/4+'Hela matrisen pb 14-16'!CE960/4 -> 0.9885325 | CD88: ='Hela matrisen pb 14-16'!M960/4+'Hela matrisen pb 14-16'!M875/4+'Hela matrisen pb 14-16'!M790/4+'Hela matrisen pb 14-16'!M705/4 -> 1.9789875 | CE88: ='Hela matrisen pb 14-16'!N960/4+'Hela matrisen pb 14-16'!N875/4+'Hela matrisen pb 14-16'!N790/4+'Hela matrisen pb 14-16'!N705/4 -> 0 | CF88: ='Hela matrisen pb 14-16'!O960/4+'Hela matrisen pb 14-16'!O875/4+'Hela matrisen pb 14-16'!O790/4+'Hela matrisen pb 14-16'!O705/4 -> 0 | CH88: =SUM(C88:CF88) -> 153.64299
B89: 2 | C89: =('Hela matrisen pb 14-16'!B706/4)+('Hela matrisen pb 14-16'!B791/4)+('Hela matrisen pb 14-16'!B876/4)+('Hela matrisen pb 14-16'!B961/4) -> 0 | D89: =('Hela matrisen pb 14-16'!C706/4)+('Hela matrisen pb 14-16'!C791/4)+('Hela matrisen pb 14-16'!C876/4)+('Hela matrisen pb 14-16'!C961/4) -> 0 | E89: =('Hela matrisen pb 14-16'!D706/4)+('Hela matrisen pb 14-16'!D791/4)+('Hela matrisen pb 14-16'!D876/4)+('Hela matrisen pb 14-16'!D961/4) -> 0.95979 | F89: =('Hela matrisen pb 14-16'!E706/4)+('Hela matrisen pb 14-16'!E791/4)+('Hela matrisen pb 14-16'!E876/4)+('Hela matrisen pb 14-16'!E961/4) -> 3.9792325 | G89: =('Hela matrisen pb 14-16'!F706/4)+('Hela matrisen pb 14-16'!F791/4)+('Hela matrisen pb 14-16'!F876/4)+('Hela matrisen pb 14-16'!F961/4) -> 4.9799 | H89: =('Hela matrisen pb 14-16'!G706/4)+('Hela matrisen pb 14-16'!G791/4)+('Hela matrisen pb 14-16'!G876/4)+('Hela matrisen pb 14-16'!G961/4) -> 16.85865 | I89: =('Hela matrisen pb 14-16'!H706/4)+('Hela matrisen pb 14-16'!H791/4)+('Hela matrisen pb 14-16'!H876/4)+('Hela matrisen pb 14-16'!H961/4) -> 4.0480775 | J89: =('Hela matrisen pb 14-16'!I706/4)+('Hela matrisen pb 14-16'!I791/4)+('Hela matrisen pb 14-16'!I876/4)+('Hela matrisen pb 14-16'!I961/4) -> 10.099082 | ... M89: =('Hela matrisen pb 14-16'!L706/4)+('Hela matrisen pb 14-16'!L791/4)+('Hela matrisen pb 14-16'!L876/4)+('Hela matrisen pb 14-16'!L961/4) -> 0 | N89: ='Hela matrisen pb 14-16'!P706/4+'Hela matrisen pb 14-16'!P791/4+'Hela matrisen pb 14-16'!P876/4+'Hela matrisen pb 14-16'!P961/4 -> 0 | O89: ='Hela matrisen pb 14-16'!Q706/4+'Hela matrisen pb 14-16'!Q791/4+'Hela matrisen pb 14-16'!Q876/4+'Hela matrisen pb 14-16'!Q961/4 -> 0 | P89: ='Hela matrisen pb 14-16'!R706/4+'Hela matrisen pb 14-16'!R791/4+'Hela matrisen pb 14-16'!R876/4+'Hela matrisen pb 14-16'!R961/4 -> 2.98815 | Q89: ='Hela matrisen pb 14-16'!S706/4+'Hela matrisen pb 14-16'!S791/4+'Hela matrisen pb 14-16'!S876/4+'Hela matrisen pb 14-16'!S961/4 -> 0.9453775 | R89: ='Hela matrisen pb 14-16'!T706/4+'Hela matrisen pb 14-16'!T791/4+'Hela matrisen pb 14-16'!T876/4+'Hela matrisen pb 14-16'!T961/4 -> 3.91667 | S89: ='Hela matrisen pb 14-16'!U706/4+'Hela matrisen pb 14-16'!U791/4+'Hela matrisen pb 14-16'!U876/4+'Hela matrisen pb 14-16'!U961/4 -> 0 | T89: ='Hela matrisen pb 14-16'!V706/4+'Hela matrisen pb 14-16'!V791/4+'Hela matrisen pb 14-16'!V876/4+'Hela matrisen pb 14-16'!V961/4 -> 0 | U89: ='Hela matrisen pb 14-16'!W706/4+'Hela matrisen pb 14-16'!W791/4+'Hela matrisen pb 14-16'!W876/4+'Hela matrisen pb 14-16'!W961/4 -> 1.9197 | ... CC89: ='Hela matrisen pb 14-16'!CE706/4+'Hela matrisen pb 14-16'!CE791/4+'Hela matrisen pb 14-16'!CE876/4+'Hela matrisen pb 14-16'!CE961/4 -> 2.9762825 | CD89: ='Hela matrisen pb 14-16'!M961/4+'Hela matrisen pb 14-16'!M876/4+'Hela matrisen pb 14-16'!M791/4+'Hela matrisen pb 14-16'!M706/4 -> 1.9824075 | CE89: ='Hela matrisen pb 14-16'!N961/4+'Hela matrisen pb 14-16'!N876/4+'Hela matrisen pb 14-16'!N791/4+'Hela matrisen pb 14-16'!N706/4 -> 0 | CF89: ='Hela matrisen pb 14-16'!O961/4+'Hela matrisen pb 14-16'!O876/4+'Hela matrisen pb 14-16'!O791/4+'Hela matrisen pb 14-16'!O706/4 -> 0 | CH89: =SUM(C89:CF89) -> 195.92307
B90: 3 | C90: =('Hela matrisen pb 14-16'!B707/4)+('Hela matrisen pb 14-16'!B792/4)+('Hela matrisen pb 14-16'!B877/4)+('Hela matrisen pb 14-16'!B962/4) -> 0.955225 | D90: =('Hela matrisen pb 14-16'!C707/4)+('Hela matrisen pb 14-16'!C792/4)+('Hela matrisen pb 14-16'!C877/4)+('Hela matrisen pb 14-16'!C962/4) -> 0 | E90: =('Hela matrisen pb 14-16'!D707/4)+('Hela matrisen pb 14-16'!D792/4)+('Hela matrisen pb 14-16'!D877/4)+('Hela matrisen pb 14-16'!D962/4) -> 0 | F90: =('Hela matrisen pb 14-16'!E707/4)+('Hela matrisen pb 14-16'!E792/4)+('Hela matrisen pb 14-16'!E877/4)+('Hela matrisen pb 14-16'!E962/4) -> 19.90705 | G90: =('Hela matrisen pb 14-16'!F707/4)+('Hela matrisen pb 14-16'!F792/4)+('Hela matrisen pb 14-16'!F877/4)+('Hela matrisen pb 14-16'!F962/4) -> 12.954275 | H90: =('Hela matrisen pb 14-16'!G707/4)+('Hela matrisen pb 14-16'!G792/4)+('Hela matrisen pb 14-16'!G877/4)+('Hela matrisen pb 14-16'!G962/4) -> 16.8604 | I90: =('Hela matrisen pb 14-16'!H707/4)+('Hela matrisen pb 14-16'!H792/4)+('Hela matrisen pb 14-16'!H877/4)+('Hela matrisen pb 14-16'!H962/4) -> 23.847625 | J90: =('Hela matrisen pb 14-16'!I707/4)+('Hela matrisen pb 14-16'!I792/4)+('Hela matrisen pb 14-16'!I877/4)+('Hela matrisen pb 14-16'!I962/4) -> 13.888825 | ... M90: =('Hela matrisen pb 14-16'!L707/4)+('Hela matrisen pb 14-16'!L792/4)+('Hela matrisen pb 14-16'!L877/4)+('Hela matrisen pb 14-16'!L962/4) -> 0 | N90: ='Hela matrisen pb 14-16'!P707/4+'Hela matrisen pb 14-16'!P792/4+'Hela matrisen pb 14-16'!P877/4+'Hela matrisen pb 14-16'!P962/4 -> 0 | O90: ='Hela matrisen pb 14-16'!Q707/4+'Hela matrisen pb 14-16'!Q792/4+'Hela matrisen pb 14-16'!Q877/4+'Hela matrisen pb 14-16'!Q962/4 -> 6.423265 | P90: ='Hela matrisen pb 14-16'!R707/4+'Hela matrisen pb 14-16'!R792/4+'Hela matrisen pb 14-16'!R877/4+'Hela matrisen pb 14-16'!R962/4 -> 2.98881 | Q90: ='Hela matrisen pb 14-16'!S707/4+'Hela matrisen pb 14-16'!S792/4+'Hela matrisen pb 14-16'!S877/4+'Hela matrisen pb 14-16'!S962/4 -> 2.8366275 | R90: ='Hela matrisen pb 14-16'!T707/4+'Hela matrisen pb 14-16'!T792/4+'Hela matrisen pb 14-16'!T877/4+'Hela matrisen pb 14-16'!T962/4 -> 4.908265 | S90: ='Hela matrisen pb 14-16'!U707/4+'Hela matrisen pb 14-16'!U792/4+'Hela matrisen pb 14-16'!U877/4+'Hela matrisen pb 14-16'!U962/4 -> 0 | T90: ='Hela matrisen pb 14-16'!V707/4+'Hela matrisen pb 14-16'!V792/4+'Hela matrisen pb 14-16'!V877/4+'Hela matrisen pb 14-16'!V962/4 -> 0.9601825 | U90: ='Hela matrisen pb 14-16'!W707/4+'Hela matrisen pb 14-16'!W792/4+'Hela matrisen pb 14-16'!W877/4+'Hela matrisen pb 14-16'!W962/4 -> 1.93137 | ... CC90: ='Hela matrisen pb 14-16'!CE707/4+'Hela matrisen pb 14-16'!CE792/4+'Hela matrisen pb 14-16'!CE877/4+'Hela matrisen pb 14-16'!CE962/4 -> 0 | CD90: ='Hela matrisen pb 14-16'!M962/4+'Hela matrisen pb 14-16'!M877/4+'Hela matrisen pb 14-16'!M792/4+'Hela matrisen pb 14-16'!M707/4 -> 0 | CE90: ='Hela matrisen pb 14-16'!N962/4+'Hela matrisen pb 14-16'!N877/4+'Hela matrisen pb 14-16'!N792/4+'Hela matrisen pb 14-16'!N707/4 -> 0 | CF90: ='Hela matrisen pb 14-16'!O962/4+'Hela matrisen pb 14-16'!O877/4+'Hela matrisen pb 14-16'!O792/4+'Hela matrisen pb 14-16'!O707/4 -> 0 | CH90: =SUM(C90:CF90) -> 180.40435
B91: 4 | C91: =('Hela matrisen pb 14-16'!B708/4)+('Hela matrisen pb 14-16'!B793/4)+('Hela matrisen pb 14-16'!B878/4)+('Hela matrisen pb 14-16'!B963/4) -> 2.967345 | D91: =('Hela matrisen pb 14-16'!C708/4)+('Hela matrisen pb 14-16'!C793/4)+('Hela matrisen pb 14-16'!C878/4)+('Hela matrisen pb 14-16'!C963/4) -> 2.96392 | E91: =('Hela matrisen pb 14-16'!D708/4)+('Hela matrisen pb 14-16'!D793/4)+('Hela matrisen pb 14-16'!D878/4)+('Hela matrisen pb 14-16'!D963/4) -> 0.9956325 | F91: =('Hela matrisen pb 14-16'!E708/4)+('Hela matrisen pb 14-16'!E793/4)+('Hela matrisen pb 14-16'!E878/4)+('Hela matrisen pb 14-16'!E963/4) -> 0 | G91: =('Hela matrisen pb 14-16'!F708/4)+('Hela matrisen pb 14-16'!F793/4)+('Hela matrisen pb 14-16'!F878/4)+('Hela matrisen pb 14-16'!F963/4) -> 9.6841475 | H91: =('Hela matrisen pb 14-16'!G708/4)+('Hela matrisen pb 14-16'!G793/4)+('Hela matrisen pb 14-16'!G878/4)+('Hela matrisen pb 14-16'!G963/4) -> 0 | I91: =('Hela matrisen pb 14-16'!H708/4)+('Hela matrisen pb 14-16'!H793/4)+('Hela matrisen pb 14-16'!H878/4)+('Hela matrisen pb 14-16'!H963/4) -> 51.46575 | J91: =('Hela matrisen pb 14-16'!I708/4)+('Hela matrisen pb 14-16'!I793/4)+('Hela matrisen pb 14-16'!I878/4)+('Hela matrisen pb 14-16'!I963/4) -> 58.31555 | ... M91: =('Hela matrisen pb 14-16'!L708/4)+('Hela matrisen pb 14-16'!L793/4)+('Hela matrisen pb 14-16'!L878/4)+('Hela matrisen pb 14-16'!L963/4) -> 7.87845 | N91: ='Hela matrisen pb 14-16'!P708/4+'Hela matrisen pb 14-16'!P793/4+'Hela matrisen pb 14-16'!P878/4+'Hela matrisen pb 14-16'!P963/4 -> 0 | O91: ='Hela matrisen pb 14-16'!Q708/4+'Hela matrisen pb 14-16'!Q793/4+'Hela matrisen pb 14-16'!Q878/4+'Hela matrisen pb 14-16'!Q963/4 -> 5.92623 | P91: ='Hela matrisen pb 14-16'!R708/4+'Hela matrisen pb 14-16'!R793/4+'Hela matrisen pb 14-16'!R878/4+'Hela matrisen pb 14-16'!R963/4 -> 13.035975 | Q91: ='Hela matrisen pb 14-16'!S708/4+'Hela matrisen pb 14-16'!S793/4+'Hela matrisen pb 14-16'!S878/4+'Hela matrisen pb 14-16'!S963/4 -> 4.79292 | R91: ='Hela matrisen pb 14-16'!T708/4+'Hela matrisen pb 14-16'!T793/4+'Hela matrisen pb 14-16'!T878/4+'Hela matrisen pb 14-16'!T963/4 -> 11.067715 | S91: ='Hela matrisen pb 14-16'!U708/4+'Hela matrisen pb 14-16'!U793/4+'Hela matrisen pb 14-16'!U878/4+'Hela matrisen pb 14-16'!U963/4 -> 0 | T91: ='Hela matrisen pb 14-16'!V708/4+'Hela matrisen pb 14-16'!V793/4+'Hela matrisen pb 14-16'!V878/4+'Hela matrisen pb 14-16'!V963/4 -> 0 | U91: ='Hela matrisen pb 14-16'!W708/4+'Hela matrisen pb 14-16'!W793/4+'Hela matrisen pb 14-16'!W878/4+'Hela matrisen pb 14-16'!W963/4 -> 18.11065 | ... CC91: ='Hela matrisen pb 14-16'!CE708/4+'Hela matrisen pb 14-16'!CE793/4+'Hela matrisen pb 14-16'!CE878/4+'Hela matrisen pb 14-16'!CE963/4 -> 3.9309125 | CD91: ='Hela matrisen pb 14-16'!M963/4+'Hela matrisen pb 14-16'!M878/4+'Hela matrisen pb 14-16'!M793/4+'Hela matrisen pb 14-16'!M708/4 -> 0 | CE91: ='Hela matrisen pb 14-16'!N963/4+'Hela matrisen pb 14-16'!N878/4+'Hela matrisen pb 14-16'!N793/4+'Hela matrisen pb 14-16'!N708/4 -> 0 | CF91: ='Hela matrisen pb 14-16'!O963/4+'Hela matrisen pb 14-16'!O878/4+'Hela matrisen pb 14-16'!O793/4+'Hela matrisen pb 14-16'!O708/4 -> 0 | CH91: =SUM(C91:CF91) -> 372.76614
B92: 5 | C92: =('Hela matrisen pb 14-16'!B709/4)+('Hela matrisen pb 14-16'!B794/4)+('Hela matrisen pb 14-16'!B879/4)+('Hela matrisen pb 14-16'!B964/4) -> 0 | D92: =('Hela matrisen pb 14-16'!C709/4)+('Hela matrisen pb 14-16'!C794/4)+('Hela matrisen pb 14-16'!C879/4)+('Hela matrisen pb 14-16'!C964/4) -> 0.9886175 | E92: =('Hela matrisen pb 14-16'!D709/4)+('Hela matrisen pb 14-16'!D794/4)+('Hela matrisen pb 14-16'!D879/4)+('Hela matrisen pb 14-16'!D964/4) -> 1.9937275 | F92: =('Hela matrisen pb 14-16'!E709/4)+('Hela matrisen pb 14-16'!E794/4)+('Hela matrisen pb 14-16'!E879/4)+('Hela matrisen pb 14-16'!E964/4) -> 6.85984 | G92: =('Hela matrisen pb 14-16'!F709/4)+('Hela matrisen pb 14-16'!F794/4)+('Hela matrisen pb 14-16'!F879/4)+('Hela matrisen pb 14-16'!F964/4) -> 0 | H92: =('Hela matrisen pb 14-16'!G709/4)+('Hela matrisen pb 14-16'!G794/4)+('Hela matrisen pb 14-16'!G879/4)+('Hela matrisen pb 14-16'!G964/4) -> 3.0548625 | I92: =('Hela matrisen pb 14-16'!H709/4)+('Hela matrisen pb 14-16'!H794/4)+('Hela matrisen pb 14-16'!H879/4)+('Hela matrisen pb 14-16'!H964/4) -> 25.3719 | J92: =('Hela matrisen pb 14-16'!I709/4)+('Hela matrisen pb 14-16'!I794/4)+('Hela matrisen pb 14-16'!I879/4)+('Hela matrisen pb 14-16'!I964/4) -> 9.105595 | ... M92: =('Hela matrisen pb 14-16'!L709/4)+('Hela matrisen pb 14-16'!L794/4)+('Hela matrisen pb 14-16'!L879/4)+('Hela matrisen pb 14-16'!L964/4) -> 0 | N92: ='Hela matrisen pb 14-16'!P709/4+'Hela matrisen pb 14-16'!P794/4+'Hela matrisen pb 14-16'!P879/4+'Hela matrisen pb 14-16'!P964/4 -> 0 | O92: ='Hela matrisen pb 14-16'!Q709/4+'Hela matrisen pb 14-16'!Q794/4+'Hela matrisen pb 14-16'!Q879/4+'Hela matrisen pb 14-16'!Q964/4 -> 0 | P92: ='Hela matrisen pb 14-16'!R709/4+'Hela matrisen pb 14-16'!R794/4+'Hela matrisen pb 14-16'!R879/4+'Hela matrisen pb 14-16'!R964/4 -> 5.03369 | Q92: ='Hela matrisen pb 14-16'!S709/4+'Hela matrisen pb 14-16'!S794/4+'Hela matrisen pb 14-16'!S879/4+'Hela matrisen pb 14-16'!S964/4 -> 7.05493 | R92: ='Hela matrisen pb 14-16'!T709/4+'Hela matrisen pb 14-16'!T794/4+'Hela matrisen pb 14-16'!T879/4+'Hela matrisen pb 14-16'!T964/4 -> 11.13451 | S92: ='Hela matrisen pb 14-16'!U709/4+'Hela matrisen pb 14-16'!U794/4+'Hela matrisen pb 14-16'!U879/4+'Hela matrisen pb 14-16'!U964/4 -> 0 | T92: ='Hela matrisen pb 14-16'!V709/4+'Hela matrisen pb 14-16'!V794/4+'Hela matrisen pb 14-16'!V879/4+'Hela matrisen pb 14-16'!V964/4 -> 1.0125875 | U92: ='Hela matrisen pb 14-16'!W709/4+'Hela matrisen pb 14-16'!W794/4+'Hela matrisen pb 14-16'!W879/4+'Hela matrisen pb 14-16'!W964/4 -> 8.09674 | ... CC92: ='Hela matrisen pb 14-16'!CE709/4+'Hela matrisen pb 14-16'!CE794/4+'Hela matrisen pb 14-16'!CE879/4+'Hela matrisen pb 14-16'!CE964/4 -> 0.9886875 | CD92: ='Hela matrisen pb 14-16'!M964/4+'Hela matrisen pb 14-16'!M879/4+'Hela matrisen pb 14-16'!M794/4+'Hela matrisen pb 14-16'!M709/4 -> 0.9878225 | CE92: ='Hela matrisen pb 14-16'!N964/4+'Hela matrisen pb 14-16'!N879/4+'Hela matrisen pb 14-16'!N794/4+'Hela matrisen pb 14-16'!N709/4 -> 0 | CF92: ='Hela matrisen pb 14-16'!O964/4+'Hela matrisen pb 14-16'!O879/4+'Hela matrisen pb 14-16'!O794/4+'Hela matrisen pb 14-16'!O709/4 -> 0 | CH92: =SUM(C92:CF92) -> 162.89667
B93: 6 | C93: =('Hela matrisen pb 14-16'!B710/4)+('Hela matrisen pb 14-16'!B795/4)+('Hela matrisen pb 14-16'!B880/4)+('Hela matrisen pb 14-16'!B965/4) -> 5.9298 | D93: =('Hela matrisen pb 14-16'!C710/4)+('Hela matrisen pb 14-16'!C795/4)+('Hela matrisen pb 14-16'!C880/4)+('Hela matrisen pb 14-16'!C965/4) -> 4.9417925 | E93: =('Hela matrisen pb 14-16'!D710/4)+('Hela matrisen pb 14-16'!D795/4)+('Hela matrisen pb 14-16'!D880/4)+('Hela matrisen pb 14-16'!D965/4) -> 5.95847 | F93: =('Hela matrisen pb 14-16'!E710/4)+('Hela matrisen pb 14-16'!E795/4)+('Hela matrisen pb 14-16'!E880/4)+('Hela matrisen pb 14-16'!E965/4) -> 20 | G93: =('Hela matrisen pb 14-16'!F710/4)+('Hela matrisen pb 14-16'!F795/4)+('Hela matrisen pb 14-16'!F880/4)+('Hela matrisen pb 14-16'!F965/4) -> 20 | H93: =('Hela matrisen pb 14-16'!G710/4)+('Hela matrisen pb 14-16'!G795/4)+('Hela matrisen pb 14-16'!G880/4)+('Hela matrisen pb 14-16'!G965/4) -> 0 | I93: =('Hela matrisen pb 14-16'!H710/4)+('Hela matrisen pb 14-16'!H795/4)+('Hela matrisen pb 14-16'!H880/4)+('Hela matrisen pb 14-16'!H965/4) -> 362.0135 | J93: =('Hela matrisen pb 14-16'!I710/4)+('Hela matrisen pb 14-16'!I795/4)+('Hela matrisen pb 14-16'!I880/4)+('Hela matrisen pb 14-16'!I965/4) -> 124.21 | ... M93: =('Hela matrisen pb 14-16'!L710/4)+('Hela matrisen pb 14-16'!L795/4)+('Hela matrisen pb 14-16'!L880/4)+('Hela matrisen pb 14-16'!L965/4) -> 0 | N93: ='Hela matrisen pb 14-16'!P710/4+'Hela matrisen pb 14-16'!P795/4+'Hela matrisen pb 14-16'!P880/4+'Hela matrisen pb 14-16'!P965/4 -> 5.9909525 | O93: ='Hela matrisen pb 14-16'!Q710/4+'Hela matrisen pb 14-16'!Q795/4+'Hela matrisen pb 14-16'!Q880/4+'Hela matrisen pb 14-16'!Q965/4 -> 6.02431 | P93: ='Hela matrisen pb 14-16'!R710/4+'Hela matrisen pb 14-16'!R795/4+'Hela matrisen pb 14-16'!R880/4+'Hela matrisen pb 14-16'!R965/4 -> 13.01794 | Q93: ='Hela matrisen pb 14-16'!S710/4+'Hela matrisen pb 14-16'!S795/4+'Hela matrisen pb 14-16'!S880/4+'Hela matrisen pb 14-16'!S965/4 -> 15.8738 | R93: ='Hela matrisen pb 14-16'!T710/4+'Hela matrisen pb 14-16'!T795/4+'Hela matrisen pb 14-16'!T880/4+'Hela matrisen pb 14-16'!T965/4 -> 12.0042 | S93: ='Hela matrisen pb 14-16'!U710/4+'Hela matrisen pb 14-16'!U795/4+'Hela matrisen pb 14-16'!U880/4+'Hela matrisen pb 14-16'!U965/4 -> 4.0181125 | T93: ='Hela matrisen pb 14-16'!V710/4+'Hela matrisen pb 14-16'!V795/4+'Hela matrisen pb 14-16'!V880/4+'Hela matrisen pb 14-16'!V965/4 -> 2.00205 | U93: ='Hela matrisen pb 14-16'!W710/4+'Hela matrisen pb 14-16'!W795/4+'Hela matrisen pb 14-16'!W880/4+'Hela matrisen pb 14-16'!W965/4 -> 13.003875 | ... CC93: ='Hela matrisen pb 14-16'!CE710/4+'Hela matrisen pb 14-16'!CE795/4+'Hela matrisen pb 14-16'!CE880/4+'Hela matrisen pb 14-16'!CE965/4 -> 4.038005 | CD93: ='Hela matrisen pb 14-16'!M965/4+'Hela matrisen pb 14-16'!M880/4+'Hela matrisen pb 14-16'!M795/4+'Hela matrisen pb 14-16'!M710/4 -> 0 | CE93: ='Hela matrisen pb 14-16'!N965/4+'Hela matrisen pb 14-16'!N880/4+'Hela matrisen pb 14-16'!N795/4+'Hela matrisen pb 14-16'!N710/4 -> 0 | CF93: ='Hela matrisen pb 14-16'!O965/4+'Hela matrisen pb 14-16'!O880/4+'Hela matrisen pb 14-16'!O795/4+'Hela matrisen pb 14-16'!O710/4 -> 0 | CH93: =SUM(C93:CF93) -> 1181.2654
B94: 7 | C94: =('Hela matrisen pb 14-16'!B711/4)+('Hela matrisen pb 14-16'!B796/4)+('Hela matrisen pb 14-16'!B881/4)+('Hela matrisen pb 14-16'!B966/4) -> 0.98316 | D94: =('Hela matrisen pb 14-16'!C711/4)+('Hela matrisen pb 14-16'!C796/4)+('Hela matrisen pb 14-16'!C881/4)+('Hela matrisen pb 14-16'!C966/4) -> 0.9816225 | E94: =('Hela matrisen pb 14-16'!D711/4)+('Hela matrisen pb 14-16'!D796/4)+('Hela matrisen pb 14-16'!D881/4)+('Hela matrisen pb 14-16'!D966/4) -> 5.871895 | F94: =('Hela matrisen pb 14-16'!E711/4)+('Hela matrisen pb 14-16'!E796/4)+('Hela matrisen pb 14-16'!E881/4)+('Hela matrisen pb 14-16'!E966/4) -> 39.07035 | G94: =('Hela matrisen pb 14-16'!F711/4)+('Hela matrisen pb 14-16'!F796/4)+('Hela matrisen pb 14-16'!F881/4)+('Hela matrisen pb 14-16'!F966/4) -> 13.032575 | H94: =('Hela matrisen pb 14-16'!G711/4)+('Hela matrisen pb 14-16'!G796/4)+('Hela matrisen pb 14-16'!G881/4)+('Hela matrisen pb 14-16'!G966/4) -> 528.86575 | I94: =('Hela matrisen pb 14-16'!H711/4)+('Hela matrisen pb 14-16'!H796/4)+('Hela matrisen pb 14-16'!H881/4)+('Hela matrisen pb 14-16'!H966/4) -> 0 | J94: =('Hela matrisen pb 14-16'!I711/4)+('Hela matrisen pb 14-16'!I796/4)+('Hela matrisen pb 14-16'!I881/4)+('Hela matrisen pb 14-16'!I966/4) -> 0 | ... M94: =('Hela matrisen pb 14-16'!L711/4)+('Hela matrisen pb 14-16'!L796/4)+('Hela matrisen pb 14-16'!L881/4)+('Hela matrisen pb 14-16'!L966/4) -> 0 | N94: ='Hela matrisen pb 14-16'!P711/4+'Hela matrisen pb 14-16'!P796/4+'Hela matrisen pb 14-16'!P881/4+'Hela matrisen pb 14-16'!P966/4 -> 0 | O94: ='Hela matrisen pb 14-16'!Q711/4+'Hela matrisen pb 14-16'!Q796/4+'Hela matrisen pb 14-16'!Q881/4+'Hela matrisen pb 14-16'!Q966/4 -> 4.0324175 | P94: ='Hela matrisen pb 14-16'!R711/4+'Hela matrisen pb 14-16'!R796/4+'Hela matrisen pb 14-16'!R881/4+'Hela matrisen pb 14-16'!R966/4 -> 7.774125 | Q94: ='Hela matrisen pb 14-16'!S711/4+'Hela matrisen pb 14-16'!S796/4+'Hela matrisen pb 14-16'!S881/4+'Hela matrisen pb 14-16'!S966/4 -> 5.8742125 | R94: ='Hela matrisen pb 14-16'!T711/4+'Hela matrisen pb 14-16'!T796/4+'Hela matrisen pb 14-16'!T881/4+'Hela matrisen pb 14-16'!T966/4 -> 7.8740825 | S94: ='Hela matrisen pb 14-16'!U711/4+'Hela matrisen pb 14-16'!U796/4+'Hela matrisen pb 14-16'!U881/4+'Hela matrisen pb 14-16'!U966/4 -> 2.947895 | T94: ='Hela matrisen pb 14-16'!V711/4+'Hela matrisen pb 14-16'!V796/4+'Hela matrisen pb 14-16'!V881/4+'Hela matrisen pb 14-16'!V966/4 -> 0 | U94: ='Hela matrisen pb 14-16'!W711/4+'Hela matrisen pb 14-16'!W796/4+'Hela matrisen pb 14-16'!W881/4+'Hela matrisen pb 14-16'!W966/4 -> 12.8497 | ... CC94: ='Hela matrisen pb 14-16'!CE711/4+'Hela matrisen pb 14-16'!CE796/4+'Hela matrisen pb 14-16'!CE881/4+'Hela matrisen pb 14-16'!CE966/4 -> 7.9278075 | CD94: ='Hela matrisen pb 14-16'!M966/4+'Hela matrisen pb 14-16'!M881/4+'Hela matrisen pb 14-16'!M796/4+'Hela matrisen pb 14-16'!M711/4 -> 0 | CE94: ='Hela matrisen pb 14-16'!N966/4+'Hela matrisen pb 14-16'!N881/4+'Hela matrisen pb 14-16'!N796/4+'Hela matrisen pb 14-16'!N711/4 -> 0 | CF94: ='Hela matrisen pb 14-16'!O966/4+'Hela matrisen pb 14-16'!O881/4+'Hela matrisen pb 14-16'!O796/4+'Hela matrisen pb 14-16'!O711/4 -> 0 | CH94: =SUM(C94:CF94) -> 1349.0734
B95: 8 | C95: =('Hela matrisen pb 14-16'!B712/4)+('Hela matrisen pb 14-16'!B797/4)+('Hela matrisen pb 14-16'!B882/4)+('Hela matrisen pb 14-16'!B967/4) -> 3.9343 | D95: =('Hela matrisen pb 14-16'!C712/4)+('Hela matrisen pb 14-16'!C797/4)+('Hela matrisen pb 14-16'!C882/4)+('Hela matrisen pb 14-16'!C967/4) -> 0 | E95: =('Hela matrisen pb 14-16'!D712/4)+('Hela matrisen pb 14-16'!D797/4)+('Hela matrisen pb 14-16'!D882/4)+('Hela matrisen pb 14-16'!D967/4) -> 5.878605 | F95: =('Hela matrisen pb 14-16'!E712/4)+('Hela matrisen pb 14-16'!E797/4)+('Hela matrisen pb 14-16'!E882/4)+('Hela matrisen pb 14-16'!E967/4) -> 135.4195 | G95: =('Hela matrisen pb 14-16'!F712/4)+('Hela matrisen pb 14-16'!F797/4)+('Hela matrisen pb 14-16'!F882/4)+('Hela matrisen pb 14-16'!F967/4) -> 24.097675 | H95: =('Hela matrisen pb 14-16'!G712/4)+('Hela matrisen pb 14-16'!G797/4)+('Hela matrisen pb 14-16'!G882/4)+('Hela matrisen pb 14-16'!G967/4) -> 159.01725 | I95: =('Hela matrisen pb 14-16'!H712/4)+('Hela matrisen pb 14-16'!H797/4)+('Hela matrisen pb 14-16'!H882/4)+('Hela matrisen pb 14-16'!H967/4) -> 0 | J95: =('Hela matrisen pb 14-16'!I712/4)+('Hela matrisen pb 14-16'!I797/4)+('Hela matrisen pb 14-16'!I882/4)+('Hela matrisen pb 14-16'!I967/4) -> 0 | ... M95: =('Hela matrisen pb 14-16'!L712/4)+('Hela matrisen pb 14-16'!L797/4)+('Hela matrisen pb 14-16'!L882/4)+('Hela matrisen pb 14-16'!L967/4) -> 0 | N95: ='Hela matrisen pb 14-16'!P712/4+'Hela matrisen pb 14-16'!P797/4+'Hela matrisen pb 14-16'!P882/4+'Hela matrisen pb 14-16'!P967/4 -> 0.9642225 | O95: ='Hela matrisen pb 14-16'!Q712/4+'Hela matrisen pb 14-16'!Q797/4+'Hela matrisen pb 14-16'!Q882/4+'Hela matrisen pb 14-16'!Q967/4 -> 2.018415 | P95: ='Hela matrisen pb 14-16'!R712/4+'Hela matrisen pb 14-16'!R797/4+'Hela matrisen pb 14-16'!R882/4+'Hela matrisen pb 14-16'!R967/4 -> 7.793525 | Q95: ='Hela matrisen pb 14-16'!S712/4+'Hela matrisen pb 14-16'!S797/4+'Hela matrisen pb 14-16'!S882/4+'Hela matrisen pb 14-16'!S967/4 -> 8.77445 | R95: ='Hela matrisen pb 14-16'!T712/4+'Hela matrisen pb 14-16'!T797/4+'Hela matrisen pb 14-16'!T882/4+'Hela matrisen pb 14-16'!T967/4 -> 9.854875 | S95: ='Hela matrisen pb 14-16'!U712/4+'Hela matrisen pb 14-16'!U797/4+'Hela matrisen pb 14-16'!U882/4+'Hela matrisen pb 14-16'!U967/4 -> 0 | T95: ='Hela matrisen pb 14-16'!V712/4+'Hela matrisen pb 14-16'!V797/4+'Hela matrisen pb 14-16'!V882/4+'Hela matrisen pb 14-16'!V967/4 -> 0 | U95: ='Hela matrisen pb 14-16'!W712/4+'Hela matrisen pb 14-16'!W797/4+'Hela matrisen pb 14-16'!W882/4+'Hela matrisen pb 14-16'!W967/4 -> 13.852 | ... CC95: ='Hela matrisen pb 14-16'!CE712/4+'Hela matrisen pb 14-16'!CE797/4+'Hela matrisen pb 14-16'!CE882/4+'Hela matrisen pb 14-16'!CE967/4 -> 0 | CD95: ='Hela matrisen pb 14-16'!M967/4+'Hela matrisen pb 14-16'!M882/4+'Hela matrisen pb 14-16'!M797/4+'Hela matrisen pb 14-16'!M712/4 -> 0.985835 | CE95: ='Hela matrisen pb 14-16'!N967/4+'Hela matrisen pb 14-16'!N882/4+'Hela matrisen pb 14-16'!N797/4+'Hela matrisen pb 14-16'!N712/4 -> 0 | CF95: ='Hela matrisen pb 14-16'!O967/4+'Hela matrisen pb 14-16'!O882/4+'Hela matrisen pb 14-16'!O797/4+'Hela matrisen pb 14-16'!O712/4 -> 0 | CH95: =SUM(C95:CF95) -> 612.69177
B96: 9 | C96: =('Hela matrisen pb 14-16'!B713/4)+('Hela matrisen pb 14-16'!B798/4)+('Hela matrisen pb 14-16'!B883/4)+('Hela matrisen pb 14-16'!B968/4) -> 1.0028625 | D96: =('Hela matrisen pb 14-16'!C713/4)+('Hela matrisen pb 14-16'!C798/4)+('Hela matrisen pb 14-16'!C883/4)+('Hela matrisen pb 14-16'!C968/4) -> 2.9336175 | E96: =('Hela matrisen pb 14-16'!D713/4)+('Hela matrisen pb 14-16'!D798/4)+('Hela matrisen pb 14-16'!D883/4)+('Hela matrisen pb 14-16'!D968/4) -> 1.005485 | F96: =('Hela matrisen pb 14-16'!E713/4)+('Hela matrisen pb 14-16'!E798/4)+('Hela matrisen pb 14-16'!E883/4)+('Hela matrisen pb 14-16'!E968/4) -> 24.96455 | G96: =('Hela matrisen pb 14-16'!F713/4)+('Hela matrisen pb 14-16'!F798/4)+('Hela matrisen pb 14-16'!F883/4)+('Hela matrisen pb 14-16'!F968/4) -> 0.99857 | H96: =('Hela matrisen pb 14-16'!G713/4)+('Hela matrisen pb 14-16'!G798/4)+('Hela matrisen pb 14-16'!G883/4)+('Hela matrisen pb 14-16'!G968/4) -> 23.81705 | I96: =('Hela matrisen pb 14-16'!H713/4)+('Hela matrisen pb 14-16'!H798/4)+('Hela matrisen pb 14-16'!H883/4)+('Hela matrisen pb 14-16'!H968/4) -> 88.064475 | J96: =('Hela matrisen pb 14-16'!I713/4)+('Hela matrisen pb 14-16'!I798/4)+('Hela matrisen pb 14-16'!I883/4)+('Hela matrisen pb 14-16'!I968/4) -> 9.825825 | ... M96: =('Hela matrisen pb 14-16'!L713/4)+('Hela matrisen pb 14-16'!L798/4)+('Hela matrisen pb 14-16'!L883/4)+('Hela matrisen pb 14-16'!L968/4) -> 0 | N96: ='Hela matrisen pb 14-16'!P713/4+'Hela matrisen pb 14-16'!P798/4+'Hela matrisen pb 14-16'!P883/4+'Hela matrisen pb 14-16'!P968/4 -> 0 | O96: ='Hela matrisen pb 14-16'!Q713/4+'Hela matrisen pb 14-16'!Q798/4+'Hela matrisen pb 14-16'!Q883/4+'Hela matrisen pb 14-16'!Q968/4 -> 3.0466775 | P96: ='Hela matrisen pb 14-16'!R713/4+'Hela matrisen pb 14-16'!R798/4+'Hela matrisen pb 14-16'!R883/4+'Hela matrisen pb 14-16'!R968/4 -> 1.9893075 | Q96: ='Hela matrisen pb 14-16'!S713/4+'Hela matrisen pb 14-16'!S798/4+'Hela matrisen pb 14-16'!S883/4+'Hela matrisen pb 14-16'!S968/4 -> 2.9791725 | R96: ='Hela matrisen pb 14-16'!T713/4+'Hela matrisen pb 14-16'!T798/4+'Hela matrisen pb 14-16'!T883/4+'Hela matrisen pb 14-16'!T968/4 -> 5.0044625 | S96: ='Hela matrisen pb 14-16'!U713/4+'Hela matrisen pb 14-16'!U798/4+'Hela matrisen pb 14-16'!U883/4+'Hela matrisen pb 14-16'!U968/4 -> 0 | T96: ='Hela matrisen pb 14-16'!V713/4+'Hela matrisen pb 14-16'!V798/4+'Hela matrisen pb 14-16'!V883/4+'Hela matrisen pb 14-16'!V968/4 -> 0 | U96: ='Hela matrisen pb 14-16'!W713/4+'Hela matrisen pb 14-16'!W798/4+'Hela matrisen pb 14-16'!W883/4+'Hela matrisen pb 14-16'!W968/4 -> 7.9891025 | ... CC96: ='Hela matrisen pb 14-16'!CE713/4+'Hela matrisen pb 14-16'!CE798/4+'Hela matrisen pb 14-16'!CE883/4+'Hela matrisen pb 14-16'!CE968/4 -> 8.045595 | CD96: ='Hela matrisen pb 14-16'!M968/4+'Hela matrisen pb 14-16'!M883/4+'Hela matrisen pb 14-16'!M798/4+'Hela matrisen pb 14-16'!M713/4 -> 1.0055075 | CE96: ='Hela matrisen pb 14-16'!N968/4+'Hela matrisen pb 14-16'!N883/4+'Hela matrisen pb 14-16'!N798/4+'Hela matrisen pb 14-16'!N713/4 -> 0 | CF96: ='Hela matrisen pb 14-16'!O968/4+'Hela matrisen pb 14-16'!O883/4+'Hela matrisen pb 14-16'!O798/4+'Hela matrisen pb 14-16'!O713/4 -> 2.839075 | CH96: =SUM(C96:CF96) -> 417.0599
B97: 10 | C97: =('Hela matrisen pb 14-16'!B714/4)+('Hela matrisen pb 14-16'!B799/4)+('Hela matrisen pb 14-16'!B884/4)+('Hela matrisen pb 14-16'!B969/4) -> 1.9884775 | D97: =('Hela matrisen pb 14-16'!C714/4)+('Hela matrisen pb 14-16'!C799/4)+('Hela matrisen pb 14-16'!C884/4)+('Hela matrisen pb 14-16'!C969/4) -> 0 | E97: =('Hela matrisen pb 14-16'!D714/4)+('Hela matrisen pb 14-16'!D799/4)+('Hela matrisen pb 14-16'!D884/4)+('Hela matrisen pb 14-16'!D969/4) -> 0.9998825 | F97: =('Hela matrisen pb 14-16'!E714/4)+('Hela matrisen pb 14-16'!E799/4)+('Hela matrisen pb 14-16'!E884/4)+('Hela matrisen pb 14-16'!E969/4) -> 19.8931 | G97: =('Hela matrisen pb 14-16'!F714/4)+('Hela matrisen pb 14-16'!F799/4)+('Hela matrisen pb 14-16'!F884/4)+('Hela matrisen pb 14-16'!F969/4) -> 1.991425 | H97: =('Hela matrisen pb 14-16'!G714/4)+('Hela matrisen pb 14-16'!G799/4)+('Hela matrisen pb 14-16'!G884/4)+('Hela matrisen pb 14-16'!G969/4) -> 61.25975 | I97: =('Hela matrisen pb 14-16'!H714/4)+('Hela matrisen pb 14-16'!H799/4)+('Hela matrisen pb 14-16'!H884/4)+('Hela matrisen pb 14-16'!H969/4) -> 0 | J97: =('Hela matrisen pb 14-16'!I714/4)+('Hela matrisen pb 14-16'!I799/4)+('Hela matrisen pb 14-16'!I884/4)+('Hela matrisen pb 14-16'!I969/4) -> 0 | ... M97: =('Hela matrisen pb 14-16'!L714/4)+('Hela matrisen pb 14-16'!L799/4)+('Hela matrisen pb 14-16'!L884/4)+('Hela matrisen pb 14-16'!L969/4) -> 0 | N97: ='Hela matrisen pb 14-16'!P714/4+'Hela matrisen pb 14-16'!P799/4+'Hela matrisen pb 14-16'!P884/4+'Hela matrisen pb 14-16'!P969/4 -> 0 | O97: ='Hela matrisen pb 14-16'!Q714/4+'Hela matrisen pb 14-16'!Q799/4+'Hela matrisen pb 14-16'!Q884/4+'Hela matrisen pb 14-16'!Q969/4 -> 0 | P97: ='Hela matrisen pb 14-16'!R714/4+'Hela matrisen pb 14-16'!R799/4+'Hela matrisen pb 14-16'!R884/4+'Hela matrisen pb 14-16'!R969/4 -> 1.979815 | Q97: ='Hela matrisen pb 14-16'!S714/4+'Hela matrisen pb 14-16'!S799/4+'Hela matrisen pb 14-16'!S884/4+'Hela matrisen pb 14-16'!S969/4 -> 2.9685975 | R97: ='Hela matrisen pb 14-16'!T714/4+'Hela matrisen pb 14-16'!T799/4+'Hela matrisen pb 14-16'!T884/4+'Hela matrisen pb 14-16'!T969/4 -> 1.9949725 | S97: ='Hela matrisen pb 14-16'!U714/4+'Hela matrisen pb 14-16'!U799/4+'Hela matrisen pb 14-16'!U884/4+'Hela matrisen pb 14-16'!U969/4 -> 0 | T97: ='Hela matrisen pb 14-16'!V714/4+'Hela matrisen pb 14-16'!V799/4+'Hela matrisen pb 14-16'!V884/4+'Hela matrisen pb 14-16'!V969/4 -> 0.9918 | U97: ='Hela matrisen pb 14-16'!W714/4+'Hela matrisen pb 14-16'!W799/4+'Hela matrisen pb 14-16'!W884/4+'Hela matrisen pb 14-16'!W969/4 -> 3.9904825 | ... CC97: ='Hela matrisen pb 14-16'!CE714/4+'Hela matrisen pb 14-16'!CE799/4+'Hela matrisen pb 14-16'!CE884/4+'Hela matrisen pb 14-16'!CE969/4 -> 1.99508 | CD97: ='Hela matrisen pb 14-16'!M969/4+'Hela matrisen pb 14-16'!M884/4+'Hela matrisen pb 14-16'!M799/4+'Hela matrisen pb 14-16'!M714/4 -> 0 | CE97: ='Hela matrisen pb 14-16'!N969/4+'Hela matrisen pb 14-16'!N884/4+'Hela matrisen pb 14-16'!N799/4+'Hela matrisen pb 14-16'!N714/4 -> 0 | CF97: ='Hela matrisen pb 14-16'!O969/4+'Hela matrisen pb 14-16'!O884/4+'Hela matrisen pb 14-16'!O799/4+'Hela matrisen pb 14-16'!O714/4 -> 0.966075 | CH97: =SUM(C97:CF97) -> 196.94624
B98: 11 | C98: =('Hela matrisen pb 14-16'!B715/4)+('Hela matrisen pb 14-16'!B800/4)+('Hela matrisen pb 14-16'!B885/4)+('Hela matrisen pb 14-16'!B970/4) -> 0 | D98: =('Hela matrisen pb 14-16'!C715/4)+('Hela matrisen pb 14-16'!C800/4)+('Hela matrisen pb 14-16'!C885/4)+('Hela matrisen pb 14-16'!C970/4) -> 0 | E98: =('Hela matrisen pb 14-16'!D715/4)+('Hela matrisen pb 14-16'!D800/4)+('Hela matrisen pb 14-16'!D885/4)+('Hela matrisen pb 14-16'!D970/4) -> 1.962195 | F98: =('Hela matrisen pb 14-16'!E715/4)+('Hela matrisen pb 14-16'!E800/4)+('Hela matrisen pb 14-16'!E885/4)+('Hela matrisen pb 14-16'!E970/4) -> 2.947205 | G98: =('Hela matrisen pb 14-16'!F715/4)+('Hela matrisen pb 14-16'!F800/4)+('Hela matrisen pb 14-16'!F885/4)+('Hela matrisen pb 14-16'!F970/4) -> 0 | H98: =('Hela matrisen pb 14-16'!G715/4)+('Hela matrisen pb 14-16'!G800/4)+('Hela matrisen pb 14-16'!G885/4)+('Hela matrisen pb 14-16'!G970/4) -> 0 | I98: =('Hela matrisen pb 14-16'!H715/4)+('Hela matrisen pb 14-16'!H800/4)+('Hela matrisen pb 14-16'!H885/4)+('Hela matrisen pb 14-16'!H970/4) -> 0 | J98: =('Hela matrisen pb 14-16'!I715/4)+('Hela matrisen pb 14-16'!I800/4)+('Hela matrisen pb 14-16'!I885/4)+('Hela matrisen pb 14-16'!I970/4) -> 0 | ... M98: =('Hela matrisen pb 14-16'!L715/4)+('Hela matrisen pb 14-16'!L800/4)+('Hela matrisen pb 14-16'!L885/4)+('Hela matrisen pb 14-16'!L970/4) -> 0 | N98: ='Hela matrisen pb 14-16'!P715/4+'Hela matrisen pb 14-16'!P800/4+'Hela matrisen pb 14-16'!P885/4+'Hela matrisen pb 14-16'!P970/4 -> 0 | O98: ='Hela matrisen pb 14-16'!Q715/4+'Hela matrisen pb 14-16'!Q800/4+'Hela matrisen pb 14-16'!Q885/4+'Hela matrisen pb 14-16'!Q970/4 -> 0 | P98: ='Hela matrisen pb 14-16'!R715/4+'Hela matrisen pb 14-16'!R800/4+'Hela matrisen pb 14-16'!R885/4+'Hela matrisen pb 14-16'!R970/4 -> 0.9419025 | Q98: ='Hela matrisen pb 14-16'!S715/4+'Hela matrisen pb 14-16'!S800/4+'Hela matrisen pb 14-16'!S885/4+'Hela matrisen pb 14-16'!S970/4 -> 0 | R98: ='Hela matrisen pb 14-16'!T715/4+'Hela matrisen pb 14-16'!T800/4+'Hela matrisen pb 14-16'!T885/4+'Hela matrisen pb 14-16'!T970/4 -> 1.9720275 | S98: ='Hela matrisen pb 14-16'!U715/4+'Hela matrisen pb 14-16'!U800/4+'Hela matrisen pb 14-16'!U885/4+'Hela matrisen pb 14-16'!U970/4 -> 0 | T98: ='Hela matrisen pb 14-16'!V715/4+'Hela matrisen pb 14-16'!V800/4+'Hela matrisen pb 14-16'!V885/4+'Hela matrisen pb 14-16'!V970/4 -> 0 | U98: ='Hela matrisen pb 14-16'!W715/4+'Hela matrisen pb 14-16'!W800/4+'Hela matrisen pb 14-16'!W885/4+'Hela matrisen pb 14-16'!W970/4 -> 0.98042 | ... CC98: ='Hela matrisen pb 14-16'!CE715/4+'Hela matrisen pb 14-16'!CE800/4+'Hela matrisen pb 14-16'!CE885/4+'Hela matrisen pb 14-16'!CE970/4 -> 0 | CD98: ='Hela matrisen pb 14-16'!M970/4+'Hela matrisen pb 14-16'!M885/4+'Hela matrisen pb 14-16'!M800/4+'Hela matrisen pb 14-16'!M715/4 -> 0 | CE98: ='Hela matrisen pb 14-16'!N970/4+'Hela matrisen pb 14-16'!N885/4+'Hela matrisen pb 14-16'!N800/4+'Hela matrisen pb 14-16'!N715/4 -> 0 | CF98: ='Hela matrisen pb 14-16'!O970/4+'Hela matrisen pb 14-16'!O885/4+'Hela matrisen pb 14-16'!O800/4+'Hela matrisen pb 14-16'!O715/4 -> 0 | CH98: =SUM(C98:CF98) -> 13.659455
B99: 7381011 | C99: ='Hela matrisen pb 14-16'!B719/4+'Hela matrisen pb 14-16'!B804/4+'Hela matrisen pb 14-16'!B889/4+'Hela matrisen pb 14-16'!B974/4 -> 6.1600675 | D99: ='Hela matrisen pb 14-16'!C719/4+'Hela matrisen pb 14-16'!C804/4+'Hela matrisen pb 14-16'!C889/4+'Hela matrisen pb 14-16'!C974/4 -> 7.1872775 | E99: ='Hela matrisen pb 14-16'!D719/4+'Hela matrisen pb 14-16'!D804/4+'Hela matrisen pb 14-16'!D889/4+'Hela matrisen pb 14-16'!D974/4 -> 5.2467375 | F99: ='Hela matrisen pb 14-16'!E719/4+'Hela matrisen pb 14-16'!E804/4+'Hela matrisen pb 14-16'!E889/4+'Hela matrisen pb 14-16'!E974/4 -> 1.01383 | G99: ='Hela matrisen pb 14-16'!F719/4+'Hela matrisen pb 14-16'!F804/4+'Hela matrisen pb 14-16'!F889/4+'Hela matrisen pb 14-16'!F974/4 -> 2.004595 | H99: ='Hela matrisen pb 14-16'!G719/4+'Hela matrisen pb 14-16'!G804/4+'Hela matrisen pb 14-16'!G889/4+'Hela matrisen pb 14-16'!G974/4 -> 0 | I99: ='Hela matrisen pb 14-16'!H719/4+'Hela matrisen pb 14-16'!H804/4+'Hela matrisen pb 14-16'!H889/4+'Hela matrisen pb 14-16'!H974/4 -> 1.019275 | J99: ='Hela matrisen pb 14-16'!I719/4+'Hela matrisen pb 14-16'!I804/4+'Hela matrisen pb 14-16'!I889/4+'Hela matrisen pb 14-16'!I974/4 -> 1.0049 | ... M99: ='Hela matrisen pb 14-16'!L719/4+'Hela matrisen pb 14-16'!L804/4+'Hela matrisen pb 14-16'!L889/4+'Hela matrisen pb 14-16'!L974/4 -> 0 | N99: ='Hela matrisen pb 14-16'!P974/4+'Hela matrisen pb 14-16'!P889/4+'Hela matrisen pb 14-16'!P804/4+'Hela matrisen pb 14-16'!P719/4 -> 0 | O99: ='Hela matrisen pb 14-16'!Q974/4+'Hela matrisen pb 14-16'!Q889/4+'Hela matrisen pb 14-16'!Q804/4+'Hela matrisen pb 14-16'!Q719/4 -> 0 | P99: ='Hela matrisen pb 14-16'!R974/4+'Hela matrisen pb 14-16'!R889/4+'Hela matrisen pb 14-16'!R804/4+'Hela matrisen pb 14-16'!R719/4 -> 0 | Q99: ='Hela matrisen pb 14-16'!S974/4+'Hela matrisen pb 14-16'!S889/4+'Hela matrisen pb 14-16'!S804/4+'Hela matrisen pb 14-16'!S719/4 -> 0 | R99: ='Hela matrisen pb 14-16'!T974/4+'Hela matrisen pb 14-16'!T889/4+'Hela matrisen pb 14-16'!T804/4+'Hela matrisen pb 14-16'!T719/4 -> 0 | S99: ='Hela matrisen pb 14-16'!U974/4+'Hela matrisen pb 14-16'!U889/4+'Hela matrisen pb 14-16'!U804/4+'Hela matrisen pb 14-16'!U719/4 -> 0 | T99: ='Hela matrisen pb 14-16'!V974/4+'Hela matrisen pb 14-16'!V889/4+'Hela matrisen pb 14-16'!V804/4+'Hela matrisen pb 14-16'!V719/4 -> 0 | U99: ='Hela matrisen pb 14-16'!W974/4+'Hela matrisen pb 14-16'!W889/4+'Hela matrisen pb 14-16'!W804/4+'Hela matrisen pb 14-16'!W719/4 -> 0 | ... CC99: ='Hela matrisen pb 14-16'!CE974/4+'Hela matrisen pb 14-16'!CE889/4+'Hela matrisen pb 14-16'!CE804/4+'Hela matrisen pb 14-16'!CE719/4 -> 0 | CD99: ='Hela matrisen pb 14-16'!M971/4+'Hela matrisen pb 14-16'!M886/4+'Hela matrisen pb 14-16'!M801/4+'Hela matrisen pb 14-16'!M716/4 -> 0 | CE99: ='Hela matrisen pb 14-16'!N971/4+'Hela matrisen pb 14-16'!N886/4+'Hela matrisen pb 14-16'!N801/4+'Hela matrisen pb 14-16'!N716/4 -> 1.90694 | CF99: ='Hela matrisen pb 14-16'!O971/4+'Hela matrisen pb 14-16'!O886/4+'Hela matrisen pb 14-16'!O801/4+'Hela matrisen pb 14-16'!O716/4 -> 50.224075 | CH99: =SUM(C99:CF99) -> 96.2035
B100: 7381012 | C100: ='Hela matrisen pb 14-16'!B720/4+'Hela matrisen pb 14-16'!B805/4+'Hela matrisen pb 14-16'!B890/4+'Hela matrisen pb 14-16'!B975/4 -> 0 | D100: ='Hela matrisen pb 14-16'!C720/4+'Hela matrisen pb 14-16'!C805/4+'Hela matrisen pb 14-16'!C890/4+'Hela matrisen pb 14-16'!C975/4 -> 3.072035 | E100: ='Hela matrisen pb 14-16'!D720/4+'Hela matrisen pb 14-16'!D805/4+'Hela matrisen pb 14-16'!D890/4+'Hela matrisen pb 14-16'!D975/4 -> 3.132175 | F100: ='Hela matrisen pb 14-16'!E720/4+'Hela matrisen pb 14-16'!E805/4+'Hela matrisen pb 14-16'!E890/4+'Hela matrisen pb 14-16'!E975/4 -> 5.004335 | G100: ='Hela matrisen pb 14-16'!F720/4+'Hela matrisen pb 14-16'!F805/4+'Hela matrisen pb 14-16'!F890/4+'Hela matrisen pb 14-16'!F975/4 -> 8.02007 | H100: ='Hela matrisen pb 14-16'!G720/4+'Hela matrisen pb 14-16'!G805/4+'Hela matrisen pb 14-16'!G890/4+'Hela matrisen pb 14-16'!G975/4 -> 6.9605225 | I100: ='Hela matrisen pb 14-16'!H720/4+'Hela matrisen pb 14-16'!H805/4+'Hela matrisen pb 14-16'!H890/4+'Hela matrisen pb 14-16'!H975/4 -> 1.0280875 | J100: ='Hela matrisen pb 14-16'!I720/4+'Hela matrisen pb 14-16'!I805/4+'Hela matrisen pb 14-16'!I890/4+'Hela matrisen pb 14-16'!I975/4 -> 2.042835 | ... M100: ='Hela matrisen pb 14-16'!L720/4+'Hela matrisen pb 14-16'!L805/4+'Hela matrisen pb 14-16'!L890/4+'Hela matrisen pb 14-16'!L975/4 -> 2.875725 | N100: ='Hela matrisen pb 14-16'!P975/4+'Hela matrisen pb 14-16'!P890/4+'Hela matrisen pb 14-16'!P805/4+'Hela matrisen pb 14-16'!P720/4 -> 0 | O100: ='Hela matrisen pb 14-16'!Q975/4+'Hela matrisen pb 14-16'!Q890/4+'Hela matrisen pb 14-16'!Q805/4+'Hela matrisen pb 14-16'!Q720/4 -> 0 | P100: ='Hela matrisen pb 14-16'!R975/4+'Hela matrisen pb 14-16'!R890/4+'Hela matrisen pb 14-16'!R805/4+'Hela matrisen pb 14-16'!R720/4 -> 0 | Q100: ='Hela matrisen pb 14-16'!S975/4+'Hela matrisen pb 14-16'!S890/4+'Hela matrisen pb 14-16'!S805/4+'Hela matrisen pb 14-16'!S720/4 -> 0.93985 | R100: ='Hela matrisen pb 14-16'!T975/4+'Hela matrisen pb 14-16'!T890/4+'Hela matrisen pb 14-16'!T805/4+'Hela matrisen pb 14-16'!T720/4 -> 0 | S100: ='Hela matrisen pb 14-16'!U975/4+'Hela matrisen pb 14-16'!U890/4+'Hela matrisen pb 14-16'!U805/4+'Hela matrisen pb 14-16'!U720/4 -> 0 | T100: ='Hela matrisen pb 14-16'!V975/4+'Hela matrisen pb 14-16'!V890/4+'Hela matrisen pb 14-16'!V805/4+'Hela matrisen pb 14-16'!V720/4 -> 0 | U100: ='Hela matrisen pb 14-16'!W975/4+'Hela matrisen pb 14-16'!W890/4+'Hela matrisen pb 14-16'!W805/4+'Hela matrisen pb 14-16'!W720/4 -> 0 | ... CC100: ='Hela matrisen pb 14-16'!CE975/4+'Hela matrisen pb 14-16'!CE890/4+'Hela matrisen pb 14-16'!CE805/4+'Hela matrisen pb 14-16'!CE720/4 -> 0 | CD100: ='Hela matrisen pb 14-16'!M972/4+'Hela matrisen pb 14-16'!M887/4+'Hela matrisen pb 14-16'!M802/4+'Hela matrisen pb 14-16'!M717/4 -> 1.0158575 | CE100: ='Hela matrisen pb 14-16'!N972/4+'Hela matrisen pb 14-16'!N887/4+'Hela matrisen pb 14-16'!N802/4+'Hela matrisen pb 14-16'!N717/4 -> 0 | CF100: ='Hela matrisen pb 14-16'!O972/4+'Hela matrisen pb 14-16'!O887/4+'Hela matrisen pb 14-16'!O802/4+'Hela matrisen pb 14-16'!O717/4 -> 1.975775 | CH100: =SUM(C100:CF100) -> 70.140083
B101: 7381013 | C101: ='Hela matrisen pb 14-16'!B721/4+'Hela matrisen pb 14-16'!B806/4+'Hela matrisen pb 14-16'!B891/4+'Hela matrisen pb 14-16'!B976/4 -> 0.99338 | D101: ='Hela matrisen pb 14-16'!C721/4+'Hela matrisen pb 14-16'!C806/4+'Hela matrisen pb 14-16'!C891/4+'Hela matrisen pb 14-16'!C976/4 -> 6.9307475 | E101: ='Hela matrisen pb 14-16'!D721/4+'Hela matrisen pb 14-16'!D806/4+'Hela matrisen pb 14-16'!D891/4+'Hela matrisen pb 14-16'!D976/4 -> 11.199367 | F101: ='Hela matrisen pb 14-16'!E721/4+'Hela matrisen pb 14-16'!E806/4+'Hela matrisen pb 14-16'!E891/4+'Hela matrisen pb 14-16'!E976/4 -> 7.06188 | G101: ='Hela matrisen pb 14-16'!F721/4+'Hela matrisen pb 14-16'!F806/4+'Hela matrisen pb 14-16'!F891/4+'Hela matrisen pb 14-16'!F976/4 -> 4.030335 | H101: ='Hela matrisen pb 14-16'!G721/4+'Hela matrisen pb 14-16'!G806/4+'Hela matrisen pb 14-16'!G891/4+'Hela matrisen pb 14-16'!G976/4 -> 8.0045275 | I101: ='Hela matrisen pb 14-16'!H721/4+'Hela matrisen pb 14-16'!H806/4+'Hela matrisen pb 14-16'!H891/4+'Hela matrisen pb 14-16'!H976/4 -> 4.06525 | J101: ='Hela matrisen pb 14-16'!I721/4+'Hela matrisen pb 14-16'!I806/4+'Hela matrisen pb 14-16'!I891/4+'Hela matrisen pb 14-16'!I976/4 -> 5.076795 | ... M101: ='Hela matrisen pb 14-16'!L721/4+'Hela matrisen pb 14-16'!L806/4+'Hela matrisen pb 14-16'!L891/4+'Hela matrisen pb 14-16'!L976/4 -> 0 | N101: ='Hela matrisen pb 14-16'!P976/4+'Hela matrisen pb 14-16'!P891/4+'Hela matrisen pb 14-16'!P806/4+'Hela matrisen pb 14-16'!P721/4 -> 0 | O101: ='Hela matrisen pb 14-16'!Q976/4+'Hela matrisen pb 14-16'!Q891/4+'Hela matrisen pb 14-16'!Q806/4+'Hela matrisen pb 14-16'!Q721/4 -> 1.1570775 | P101: ='Hela matrisen pb 14-16'!R976/4+'Hela matrisen pb 14-16'!R891/4+'Hela matrisen pb 14-16'!R806/4+'Hela matrisen pb 14-16'!R721/4 -> 0 | Q101: ='Hela matrisen pb 14-16'!S976/4+'Hela matrisen pb 14-16'!S891/4+'Hela matrisen pb 14-16'!S806/4+'Hela matrisen pb 14-16'!S721/4 -> 0.930905 | R101: ='Hela matrisen pb 14-16'!T976/4+'Hela matrisen pb 14-16'!T891/4+'Hela matrisen pb 14-16'!T806/4+'Hela matrisen pb 14-16'!T721/4 -> 2 | S101: ='Hela matrisen pb 14-16'!U976/4+'Hela matrisen pb 14-16'!U891/4+'Hela matrisen pb 14-16'!U806/4+'Hela matrisen pb 14-16'!U721/4 -> 1.0093525 | T101: ='Hela matrisen pb 14-16'!V976/4+'Hela matrisen pb 14-16'!V891/4+'Hela matrisen pb 14-16'!V806/4+'Hela matrisen pb 14-16'!V721/4 -> 0 | U101: ='Hela matrisen pb 14-16'!W976/4+'Hela matrisen pb 14-16'!W891/4+'Hela matrisen pb 14-16'!W806/4+'Hela matrisen pb 14-16'!W721/4 -> 0 | ... CC101: ='Hela matrisen pb 14-16'!CE976/4+'Hela matrisen pb 14-16'!CE891/4+'Hela matrisen pb 14-16'!CE806/4+'Hela matrisen pb 14-16'!CE721/4 -> 0 | CD101: ='Hela matrisen pb 14-16'!M973/4+'Hela matrisen pb 14-16'!M888/4+'Hela matrisen pb 14-16'!M803/4+'Hela matrisen pb 14-16'!M718/4 -> 0 | CE101: ='Hela matrisen pb 14-16'!N973/4+'Hela matrisen pb 14-16'!N888/4+'Hela matrisen pb 14-16'!N803/4+'Hela matrisen pb 14-16'!N718/4 -> 0 | CF101: ='Hela matrisen pb 14-16'!O973/4+'Hela matrisen pb 14-16'!O888/4+'Hela matrisen pb 14-16'!O803/4+'Hela matrisen pb 14-16'!O718/4 -> 0 | CH101: =SUM(C101:CF101) -> 121.7299
B102: 7381014 | C102: ='Hela matrisen pb 14-16'!B722/4+'Hela matrisen pb 14-16'!B807/4+'Hela matrisen pb 14-16'!B892/4+'Hela matrisen pb 14-16'!B977/4 -> 3.07154 | D102: ='Hela matrisen pb 14-16'!C722/4+'Hela matrisen pb 14-16'!C807/4+'Hela matrisen pb 14-16'!C892/4+'Hela matrisen pb 14-16'!C977/4 -> 5.120765 | E102: ='Hela matrisen pb 14-16'!D722/4+'Hela matrisen pb 14-16'!D807/4+'Hela matrisen pb 14-16'!D892/4+'Hela matrisen pb 14-16'!D977/4 -> 5.21627 | F102: ='Hela matrisen pb 14-16'!E722/4+'Hela matrisen pb 14-16'!E807/4+'Hela matrisen pb 14-16'!E892/4+'Hela matrisen pb 14-16'!E977/4 -> 0.95424 | G102: ='Hela matrisen pb 14-16'!F722/4+'Hela matrisen pb 14-16'!F807/4+'Hela matrisen pb 14-16'!F892/4+'Hela matrisen pb 14-16'!F977/4 -> 2.006095 | H102: ='Hela matrisen pb 14-16'!G722/4+'Hela matrisen pb 14-16'!G807/4+'Hela matrisen pb 14-16'!G892/4+'Hela matrisen pb 14-16'!G977/4 -> 11.932773 | I102: ='Hela matrisen pb 14-16'!H722/4+'Hela matrisen pb 14-16'!H807/4+'Hela matrisen pb 14-16'!H892/4+'Hela matrisen pb 14-16'!H977/4 -> 0 | J102: ='Hela matrisen pb 14-16'!I722/4+'Hela matrisen pb 14-16'!I807/4+'Hela matrisen pb 14-16'!I892/4+'Hela matrisen pb 14-16'!I977/4 -> 2.05311 | ... M102: ='Hela matrisen pb 14-16'!L722/4+'Hela matrisen pb 14-16'!L807/4+'Hela matrisen pb 14-16'!L892/4+'Hela matrisen pb 14-16'!L977/4 -> 0 | N102: ='Hela matrisen pb 14-16'!P977/4+'Hela matrisen pb 14-16'!P892/4+'Hela matrisen pb 14-16'!P807/4+'Hela matrisen pb 14-16'!P722/4 -> 0 | O102: ='Hela matrisen pb 14-16'!Q977/4+'Hela matrisen pb 14-16'!Q892/4+'Hela matrisen pb 14-16'!Q807/4+'Hela matrisen pb 14-16'!Q722/4 -> 0 | P102: ='Hela matrisen pb 14-16'!R977/4+'Hela matrisen pb 14-16'!R892/4+'Hela matrisen pb 14-16'!R807/4+'Hela matrisen pb 14-16'!R722/4 -> 0 | Q102: ='Hela matrisen pb 14-16'!S977/4+'Hela matrisen pb 14-16'!S892/4+'Hela matrisen pb 14-16'!S807/4+'Hela matrisen pb 14-16'!S722/4 -> 0 | R102: ='Hela matrisen pb 14-16'!T977/4+'Hela matrisen pb 14-16'!T892/4+'Hela matrisen pb 14-16'!T807/4+'Hela matrisen pb 14-16'!T722/4 -> 0 | S102: ='Hela matrisen pb 14-16'!U977/4+'Hela matrisen pb 14-16'!U892/4+'Hela matrisen pb 14-16'!U807/4+'Hela matrisen pb 14-16'!U722/4 -> 0 | T102: ='Hela matrisen pb 14-16'!V977/4+'Hela matrisen pb 14-16'!V892/4+'Hela matrisen pb 14-16'!V807/4+'Hela matrisen pb 14-16'!V722/4 -> 0 | U102: ='Hela matrisen pb 14-16'!W977/4+'Hela matrisen pb 14-16'!W892/4+'Hela matrisen pb 14-16'!W807/4+'Hela matrisen pb 14-16'!W722/4 -> 0 | ... CC102: ='Hela matrisen pb 14-16'!CE977/4+'Hela matrisen pb 14-16'!CE892/4+'Hela matrisen pb 14-16'!CE807/4+'Hela matrisen pb 14-16'!CE722/4 -> 0 | CD102: ='Hela matrisen pb 14-16'!M974/4+'Hela matrisen pb 14-16'!M889/4+'Hela matrisen pb 14-16'!M804/4+'Hela matrisen pb 14-16'!M719/4 -> 0 | CE102: ='Hela matrisen pb 14-16'!N974/4+'Hela matrisen pb 14-16'!N889/4+'Hela matrisen pb 14-16'!N804/4+'Hela matrisen pb 14-16'!N719/4 -> 0 | CF102: ='Hela matrisen pb 14-16'!O974/4+'Hela matrisen pb 14-16'!O889/4+'Hela matrisen pb 14-16'!O804/4+'Hela matrisen pb 14-16'!O719/4 -> 0 | CH102: =SUM(C102:CF102) -> 82.271967
B103: 7381015 | C103: ='Hela matrisen pb 14-16'!B723/4+'Hela matrisen pb 14-16'!B808/4+'Hela matrisen pb 14-16'!B893/4+'Hela matrisen pb 14-16'!B978/4 -> 4.0069425 | D103: ='Hela matrisen pb 14-16'!C723/4+'Hela matrisen pb 14-16'!C808/4+'Hela matrisen pb 14-16'!C893/4+'Hela matrisen pb 14-16'!C978/4 -> 3.00677 | E103: ='Hela matrisen pb 14-16'!D723/4+'Hela matrisen pb 14-16'!D808/4+'Hela matrisen pb 14-16'!D893/4+'Hela matrisen pb 14-16'!D978/4 -> 7.1183425 | F103: ='Hela matrisen pb 14-16'!E723/4+'Hela matrisen pb 14-16'!E808/4+'Hela matrisen pb 14-16'!E893/4+'Hela matrisen pb 14-16'!E978/4 -> 5.110555 | G103: ='Hela matrisen pb 14-16'!F723/4+'Hela matrisen pb 14-16'!F808/4+'Hela matrisen pb 14-16'!F893/4+'Hela matrisen pb 14-16'!F978/4 -> 1.0025625 | H103: ='Hela matrisen pb 14-16'!G723/4+'Hela matrisen pb 14-16'!G808/4+'Hela matrisen pb 14-16'!G893/4+'Hela matrisen pb 14-16'!G978/4 -> 3.9658325 | I103: ='Hela matrisen pb 14-16'!H723/4+'Hela matrisen pb 14-16'!H808/4+'Hela matrisen pb 14-16'!H893/4+'Hela matrisen pb 14-16'!H978/4 -> 4.0385225 | J103: ='Hela matrisen pb 14-16'!I723/4+'Hela matrisen pb 14-16'!I808/4+'Hela matrisen pb 14-16'!I893/4+'Hela matrisen pb 14-16'!I978/4 -> 4.03332 | ... M103: ='Hela matrisen pb 14-16'!L723/4+'Hela matrisen pb 14-16'!L808/4+'Hela matrisen pb 14-16'!L893/4+'Hela matrisen pb 14-16'!L978/4 -> 0 | N103: ='Hela matrisen pb 14-16'!P978/4+'Hela matrisen pb 14-16'!P893/4+'Hela matrisen pb 14-16'!P808/4+'Hela matrisen pb 14-16'!P723/4 -> 0 | O103: ='Hela matrisen pb 14-16'!Q978/4+'Hela matrisen pb 14-16'!Q893/4+'Hela matrisen pb 14-16'!Q808/4+'Hela matrisen pb 14-16'!Q723/4 -> 0 | P103: ='Hela matrisen pb 14-16'!R978/4+'Hela matrisen pb 14-16'!R893/4+'Hela matrisen pb 14-16'!R808/4+'Hela matrisen pb 14-16'!R723/4 -> 0 | Q103: ='Hela matrisen pb 14-16'!S978/4+'Hela matrisen pb 14-16'!S893/4+'Hela matrisen pb 14-16'!S808/4+'Hela matrisen pb 14-16'!S723/4 -> 0 | R103: ='Hela matrisen pb 14-16'!T978/4+'Hela matrisen pb 14-16'!T893/4+'Hela matrisen pb 14-16'!T808/4+'Hela matrisen pb 14-16'!T723/4 -> 0 | S103: ='Hela matrisen pb 14-16'!U978/4+'Hela matrisen pb 14-16'!U893/4+'Hela matrisen pb 14-16'!U808/4+'Hela matrisen pb 14-16'!U723/4 -> 0 | T103: ='Hela matrisen pb 14-16'!V978/4+'Hela matrisen pb 14-16'!V893/4+'Hela matrisen pb 14-16'!V808/4+'Hela matrisen pb 14-16'!V723/4 -> 0 | U103: ='Hela matrisen pb 14-16'!W978/4+'Hela matrisen pb 14-16'!W893/4+'Hela matrisen pb 14-16'!W808/4+'Hela matrisen pb 14-16'!W723/4 -> 4.3888875 | ... CC103: ='Hela matrisen pb 14-16'!CE978/4+'Hela matrisen pb 14-16'!CE893/4+'Hela matrisen pb 14-16'!CE808/4+'Hela matrisen pb 14-16'!CE723/4 -> 0.958845 | CD103: ='Hela matrisen pb 14-16'!M975/4+'Hela matrisen pb 14-16'!M890/4+'Hela matrisen pb 14-16'!M805/4+'Hela matrisen pb 14-16'!M720/4 -> 0 | CE103: ='Hela matrisen pb 14-16'!N975/4+'Hela matrisen pb 14-16'!N890/4+'Hela matrisen pb 14-16'!N805/4+'Hela matrisen pb 14-16'!N720/4 -> 0 | CF103: ='Hela matrisen pb 14-16'!O975/4+'Hela matrisen pb 14-16'!O890/4+'Hela matrisen pb 14-16'!O805/4+'Hela matrisen pb 14-16'!O720/4 -> 0 | CH103: =SUM(C103:CF103) -> 80.654955
B104: 7381016 | C104: ='Hela matrisen pb 14-16'!B724/4+'Hela matrisen pb 14-16'!B809/4+'Hela matrisen pb 14-16'!B894/4+'Hela matrisen pb 14-16'!B979/4 -> 0 | D104: ='Hela matrisen pb 14-16'!C724/4+'Hela matrisen pb 14-16'!C809/4+'Hela matrisen pb 14-16'!C894/4+'Hela matrisen pb 14-16'!C979/4 -> 0 | E104: ='Hela matrisen pb 14-16'!D724/4+'Hela matrisen pb 14-16'!D809/4+'Hela matrisen pb 14-16'!D894/4+'Hela matrisen pb 14-16'!D979/4 -> 0 | F104: ='Hela matrisen pb 14-16'!E724/4+'Hela matrisen pb 14-16'!E809/4+'Hela matrisen pb 14-16'!E894/4+'Hela matrisen pb 14-16'!E979/4 -> 0 | G104: ='Hela matrisen pb 14-16'!F724/4+'Hela matrisen pb 14-16'!F809/4+'Hela matrisen pb 14-16'!F894/4+'Hela matrisen pb 14-16'!F979/4 -> 0.98511 | H104: ='Hela matrisen pb 14-16'!G724/4+'Hela matrisen pb 14-16'!G809/4+'Hela matrisen pb 14-16'!G894/4+'Hela matrisen pb 14-16'!G979/4 -> 0 | I104: ='Hela matrisen pb 14-16'!H724/4+'Hela matrisen pb 14-16'!H809/4+'Hela matrisen pb 14-16'!H894/4+'Hela matrisen pb 14-16'!H979/4 -> 0 | J104: ='Hela matrisen pb 14-16'!I724/4+'Hela matrisen pb 14-16'!I809/4+'Hela matrisen pb 14-16'!I894/4+'Hela matrisen pb 14-16'!I979/4 -> 0 | ... M104: ='Hela matrisen pb 14-16'!L724/4+'Hela matrisen pb 14-16'!L809/4+'Hela matrisen pb 14-16'!L894/4+'Hela matrisen pb 14-16'!L979/4 -> 0 | N104: ='Hela matrisen pb 14-16'!P979/4+'Hela matrisen pb 14-16'!P894/4+'Hela matrisen pb 14-16'!P809/4+'Hela matrisen pb 14-16'!P724/4 -> 0 | O104: ='Hela matrisen pb 14-16'!Q979/4+'Hela matrisen pb 14-16'!Q894/4+'Hela matrisen pb 14-16'!Q809/4+'Hela matrisen pb 14-16'!Q724/4 -> 0 | P104: ='Hela matrisen pb 14-16'!R979/4+'Hela matrisen pb 14-16'!R894/4+'Hela matrisen pb 14-16'!R809/4+'Hela matrisen pb 14-16'!R724/4 -> 0 | Q104: ='Hela matrisen pb 14-16'!S979/4+'Hela matrisen pb 14-16'!S894/4+'Hela matrisen pb 14-16'!S809/4+'Hela matrisen pb 14-16'!S724/4 -> 0 | R104: ='Hela matrisen pb 14-16'!T979/4+'Hela matrisen pb 14-16'!T894/4+'Hela matrisen pb 14-16'!T809/4+'Hela matrisen pb 14-16'!T724/4 -> 0 | S104: ='Hela matrisen pb 14-16'!U979/4+'Hela matrisen pb 14-16'!U894/4+'Hela matrisen pb 14-16'!U809/4+'Hela matrisen pb 14-16'!U724/4 -> 0 | T104: ='Hela matrisen pb 14-16'!V979/4+'Hela matrisen pb 14-16'!V894/4+'Hela matrisen pb 14-16'!V809/4+'Hela matrisen pb 14-16'!V724/4 -> 0 | U104: ='Hela matrisen pb 14-16'!W979/4+'Hela matrisen pb 14-16'!W894/4+'Hela matrisen pb 14-16'!W809/4+'Hela matrisen pb 14-16'!W724/4 -> 1.98225 | ... CC104: ='Hela matrisen pb 14-16'!CE979/4+'Hela matrisen pb 14-16'!CE894/4+'Hela matrisen pb 14-16'!CE809/4+'Hela matrisen pb 14-16'!CE724/4 -> 0 | CD104: ='Hela matrisen pb 14-16'!M976/4+'Hela matrisen pb 14-16'!M891/4+'Hela matrisen pb 14-16'!M806/4+'Hela matrisen pb 14-16'!M721/4 -> 0 | CE104: ='Hela matrisen pb 14-16'!N976/4+'Hela matrisen pb 14-16'!N891/4+'Hela matrisen pb 14-16'!N806/4+'Hela matrisen pb 14-16'!N721/4 -> 0 | CF104: ='Hela matrisen pb 14-16'!O976/4+'Hela matrisen pb 14-16'!O891/4+'Hela matrisen pb 14-16'!O806/4+'Hela matrisen pb 14-16'!O721/4 -> 0 | CH104: =SUM(C104:CF104) -> 6.994215
B105: 7381017 | C105: ='Hela matrisen pb 14-16'!B725/4+'Hela matrisen pb 14-16'!B810/4+'Hela matrisen pb 14-16'!B895/4+'Hela matrisen pb 14-16'!B980/4 -> 2.963815 | D105: ='Hela matrisen pb 14-16'!C725/4+'Hela matrisen pb 14-16'!C810/4+'Hela matrisen pb 14-16'!C895/4+'Hela matrisen pb 14-16'!C980/4 -> 6.90808 | E105: ='Hela matrisen pb 14-16'!D725/4+'Hela matrisen pb 14-16'!D810/4+'Hela matrisen pb 14-16'!D895/4+'Hela matrisen pb 14-16'!D980/4 -> 8.168315 | F105: ='Hela matrisen pb 14-16'!E725/4+'Hela matrisen pb 14-16'!E810/4+'Hela matrisen pb 14-16'!E895/4+'Hela matrisen pb 14-16'!E980/4 -> 8.062685 | G105: ='Hela matrisen pb 14-16'!F725/4+'Hela matrisen pb 14-16'!F810/4+'Hela matrisen pb 14-16'!F895/4+'Hela matrisen pb 14-16'!F980/4 -> 6.0385175 | H105: ='Hela matrisen pb 14-16'!G725/4+'Hela matrisen pb 14-16'!G810/4+'Hela matrisen pb 14-16'!G895/4+'Hela matrisen pb 14-16'!G980/4 -> 13.977825 | I105: ='Hela matrisen pb 14-16'!H725/4+'Hela matrisen pb 14-16'!H810/4+'Hela matrisen pb 14-16'!H895/4+'Hela matrisen pb 14-16'!H980/4 -> 17.258825 | J105: ='Hela matrisen pb 14-16'!I725/4+'Hela matrisen pb 14-16'!I810/4+'Hela matrisen pb 14-16'!I895/4+'Hela matrisen pb 14-16'!I980/4 -> 10.15086 | ... M105: ='Hela matrisen pb 14-16'!L725/4+'Hela matrisen pb 14-16'!L810/4+'Hela matrisen pb 14-16'!L895/4+'Hela matrisen pb 14-16'!L980/4 -> 3.92354 | N105: ='Hela matrisen pb 14-16'!P980/4+'Hela matrisen pb 14-16'!P895/4+'Hela matrisen pb 14-16'!P810/4+'Hela matrisen pb 14-16'!P725/4 -> 0 | O105: ='Hela matrisen pb 14-16'!Q980/4+'Hela matrisen pb 14-16'!Q895/4+'Hela matrisen pb 14-16'!Q810/4+'Hela matrisen pb 14-16'!Q725/4 -> 0 | P105: ='Hela matrisen pb 14-16'!R980/4+'Hela matrisen pb 14-16'!R895/4+'Hela matrisen pb 14-16'!R810/4+'Hela matrisen pb 14-16'!R725/4 -> 1.99054 | Q105: ='Hela matrisen pb 14-16'!S980/4+'Hela matrisen pb 14-16'!S895/4+'Hela matrisen pb 14-16'!S810/4+'Hela matrisen pb 14-16'!S725/4 -> 0 | R105: ='Hela matrisen pb 14-16'!T980/4+'Hela matrisen pb 14-16'!T895/4+'Hela matrisen pb 14-16'!T810/4+'Hela matrisen pb 14-16'!T725/4 -> 3 | S105: ='Hela matrisen pb 14-16'!U980/4+'Hela matrisen pb 14-16'!U895/4+'Hela matrisen pb 14-16'!U810/4+'Hela matrisen pb 14-16'!U725/4 -> 0 | T105: ='Hela matrisen pb 14-16'!V980/4+'Hela matrisen pb 14-16'!V895/4+'Hela matrisen pb 14-16'!V810/4+'Hela matrisen pb 14-16'!V725/4 -> 0 | U105: ='Hela matrisen pb 14-16'!W980/4+'Hela matrisen pb 14-16'!W895/4+'Hela matrisen pb 14-16'!W810/4+'Hela matrisen pb 14-16'!W725/4 -> 3 | ... CC105: ='Hela matrisen pb 14-16'!CE980/4+'Hela matrisen pb 14-16'!CE895/4+'Hela matrisen pb 14-16'!CE810/4+'Hela matrisen pb 14-16'!CE725/4 -> 0.97239 | CD105: ='Hela matrisen pb 14-16'!M977/4+'Hela matrisen pb 14-16'!M892/4+'Hela matrisen pb 14-16'!M807/4+'Hela matrisen pb 14-16'!M722/4 -> 0 | CE105: ='Hela matrisen pb 14-16'!N977/4+'Hela matrisen pb 14-16'!N892/4+'Hela matrisen pb 14-16'!N807/4+'Hela matrisen pb 14-16'!N722/4 -> 0 | CF105: ='Hela matrisen pb 14-16'!O977/4+'Hela matrisen pb 14-16'!O892/4+'Hela matrisen pb 14-16'!O807/4+'Hela matrisen pb 14-16'!O722/4 -> 0 | CH105: =SUM(C105:CF105) -> 195.42719
B106: 7381018 | C106: ='Hela matrisen pb 14-16'!B726/4+'Hela matrisen pb 14-16'!B811/4+'Hela matrisen pb 14-16'!B896/4+'Hela matrisen pb 14-16'!B981/4 -> 2.961115 | D106: ='Hela matrisen pb 14-16'!C726/4+'Hela matrisen pb 14-16'!C811/4+'Hela matrisen pb 14-16'!C896/4+'Hela matrisen pb 14-16'!C981/4 -> 4.934315 | E106: ='Hela matrisen pb 14-16'!D726/4+'Hela matrisen pb 14-16'!D811/4+'Hela matrisen pb 14-16'!D896/4+'Hela matrisen pb 14-16'!D981/4 -> 13.28305 | F106: ='Hela matrisen pb 14-16'!E726/4+'Hela matrisen pb 14-16'!E811/4+'Hela matrisen pb 14-16'!E896/4+'Hela matrisen pb 14-16'!E981/4 -> 8.06706 | G106: ='Hela matrisen pb 14-16'!F726/4+'Hela matrisen pb 14-16'!F811/4+'Hela matrisen pb 14-16'!F896/4+'Hela matrisen pb 14-16'!F981/4 -> 7.04669 | H106: ='Hela matrisen pb 14-16'!G726/4+'Hela matrisen pb 14-16'!G811/4+'Hela matrisen pb 14-16'!G896/4+'Hela matrisen pb 14-16'!G981/4 -> 6.962365 | I106: ='Hela matrisen pb 14-16'!H726/4+'Hela matrisen pb 14-16'!H811/4+'Hela matrisen pb 14-16'!H896/4+'Hela matrisen pb 14-16'!H981/4 -> 10.199953 | J106: ='Hela matrisen pb 14-16'!I726/4+'Hela matrisen pb 14-16'!I811/4+'Hela matrisen pb 14-16'!I896/4+'Hela matrisen pb 14-16'!I981/4 -> 12.22325 | ... M106: ='Hela matrisen pb 14-16'!L726/4+'Hela matrisen pb 14-16'!L811/4+'Hela matrisen pb 14-16'!L896/4+'Hela matrisen pb 14-16'!L981/4 -> 0 | N106: ='Hela matrisen pb 14-16'!P981/4+'Hela matrisen pb 14-16'!P896/4+'Hela matrisen pb 14-16'!P811/4+'Hela matrisen pb 14-16'!P726/4 -> 0 | O106: ='Hela matrisen pb 14-16'!Q981/4+'Hela matrisen pb 14-16'!Q896/4+'Hela matrisen pb 14-16'!Q811/4+'Hela matrisen pb 14-16'!Q726/4 -> 0 | P106: ='Hela matrisen pb 14-16'!R981/4+'Hela matrisen pb 14-16'!R896/4+'Hela matrisen pb 14-16'!R811/4+'Hela matrisen pb 14-16'!R726/4 -> 3.06435 | Q106: ='Hela matrisen pb 14-16'!S981/4+'Hela matrisen pb 14-16'!S896/4+'Hela matrisen pb 14-16'!S811/4+'Hela matrisen pb 14-16'!S726/4 -> 0 | R106: ='Hela matrisen pb 14-16'!T981/4+'Hela matrisen pb 14-16'!T896/4+'Hela matrisen pb 14-16'!T811/4+'Hela matrisen pb 14-16'!T726/4 -> 2 | S106: ='Hela matrisen pb 14-16'!U981/4+'Hela matrisen pb 14-16'!U896/4+'Hela matrisen pb 14-16'!U811/4+'Hela matrisen pb 14-16'!U726/4 -> 0 | T106: ='Hela matrisen pb 14-16'!V981/4+'Hela matrisen pb 14-16'!V896/4+'Hela matrisen pb 14-16'!V811/4+'Hela matrisen pb 14-16'!V726/4 -> 0 | U106: ='Hela matrisen pb 14-16'!W981/4+'Hela matrisen pb 14-16'!W896/4+'Hela matrisen pb 14-16'!W811/4+'Hela matrisen pb 14-16'!W726/4 -> 0 | ... CC106: ='Hela matrisen pb 14-16'!CE981/4+'Hela matrisen pb 14-16'!CE896/4+'Hela matrisen pb 14-16'!CE811/4+'Hela matrisen pb 14-16'!CE726/4 -> 2.9788625 | CD106: ='Hela matrisen pb 14-16'!M978/4+'Hela matrisen pb 14-16'!M893/4+'Hela matrisen pb 14-16'!M808/4+'Hela matrisen pb 14-16'!M723/4 -> 0 | CE106: ='Hela matrisen pb 14-16'!N978/4+'Hela matrisen pb 14-16'!N893/4+'Hela matrisen pb 14-16'!N808/4+'Hela matrisen pb 14-16'!N723/4 -> 0 | CF106: ='Hela matrisen pb 14-16'!O978/4+'Hela matrisen pb 14-16'!O893/4+'Hela matrisen pb 14-16'!O808/4+'Hela matrisen pb 14-16'!O723/4 -> 0 | CH106: =SUM(C106:CF106) -> 243.60091
B107: 7381021 | C107: ='Hela matrisen pb 14-16'!B727/4+'Hela matrisen pb 14-16'!B812/4+'Hela matrisen pb 14-16'!B897/4+'Hela matrisen pb 14-16'!B982/4 -> 0 | D107: ='Hela matrisen pb 14-16'!C727/4+'Hela matrisen pb 14-16'!C812/4+'Hela matrisen pb 14-16'!C897/4+'Hela matrisen pb 14-16'!C982/4 -> 5.01072 | E107: ='Hela matrisen pb 14-16'!D727/4+'Hela matrisen pb 14-16'!D812/4+'Hela matrisen pb 14-16'!D897/4+'Hela matrisen pb 14-16'!D982/4 -> 0 | F107: ='Hela matrisen pb 14-16'!E727/4+'Hela matrisen pb 14-16'!E812/4+'Hela matrisen pb 14-16'!E897/4+'Hela matrisen pb 14-16'!E982/4 -> 1.0203075 | G107: ='Hela matrisen pb 14-16'!F727/4+'Hela matrisen pb 14-16'!F812/4+'Hela matrisen pb 14-16'!F897/4+'Hela matrisen pb 14-16'!F982/4 -> 0 | H107: ='Hela matrisen pb 14-16'!G727/4+'Hela matrisen pb 14-16'!G812/4+'Hela matrisen pb 14-16'!G897/4+'Hela matrisen pb 14-16'!G982/4 -> 0 | I107: ='Hela matrisen pb 14-16'!H727/4+'Hela matrisen pb 14-16'!H812/4+'Hela matrisen pb 14-16'!H897/4+'Hela matrisen pb 14-16'!H982/4 -> 0 | J107: ='Hela matrisen pb 14-16'!I727/4+'Hela matrisen pb 14-16'!I812/4+'Hela matrisen pb 14-16'!I897/4+'Hela matrisen pb 14-16'!I982/4 -> 0 | ... M107: ='Hela matrisen pb 14-16'!L727/4+'Hela matrisen pb 14-16'!L812/4+'Hela matrisen pb 14-16'!L897/4+'Hela matrisen pb 14-16'!L982/4 -> 0 | N107: ='Hela matrisen pb 14-16'!P982/4+'Hela matrisen pb 14-16'!P897/4+'Hela matrisen pb 14-16'!P812/4+'Hela matrisen pb 14-16'!P727/4 -> 0 | O107: ='Hela matrisen pb 14-16'!Q982/4+'Hela matrisen pb 14-16'!Q897/4+'Hela matrisen pb 14-16'!Q812/4+'Hela matrisen pb 14-16'!Q727/4 -> 3.154005 | P107: ='Hela matrisen pb 14-16'!R982/4+'Hela matrisen pb 14-16'!R897/4+'Hela matrisen pb 14-16'!R812/4+'Hela matrisen pb 14-16'!R727/4 -> 0 | Q107: ='Hela matrisen pb 14-16'!S982/4+'Hela matrisen pb 14-16'!S897/4+'Hela matrisen pb 14-16'!S812/4+'Hela matrisen pb 14-16'!S727/4 -> 0 | R107: ='Hela matrisen pb 14-16'!T982/4+'Hela matrisen pb 14-16'!T897/4+'Hela matrisen pb 14-16'!T812/4+'Hela matrisen pb 14-16'!T727/4 -> 0 | S107: ='Hela matrisen pb 14-16'!U982/4+'Hela matrisen pb 14-16'!U897/4+'Hela matrisen pb 14-16'!U812/4+'Hela matrisen pb 14-16'!U727/4 -> 0 | T107: ='Hela matrisen pb 14-16'!V982/4+'Hela matrisen pb 14-16'!V897/4+'Hela matrisen pb 14-16'!V812/4+'Hela matrisen pb 14-16'!V727/4 -> 0 | U107: ='Hela matrisen pb 14-16'!W982/4+'Hela matrisen pb 14-16'!W897/4+'Hela matrisen pb 14-16'!W812/4+'Hela matrisen pb 14-16'!W727/4 -> 0 | ... CC107: ='Hela matrisen pb 14-16'!CE982/4+'Hela matrisen pb 14-16'!CE897/4+'Hela matrisen pb 14-16'!CE812/4+'Hela matrisen pb 14-16'!CE727/4 -> 0 | CD107: ='Hela matrisen pb 14-16'!M979/4+'Hela matrisen pb 14-16'!M894/4+'Hela matrisen pb 14-16'!M809/4+'Hela matrisen pb 14-16'!M724/4 -> 0 | CE107: ='Hela matrisen pb 14-16'!N979/4+'Hela matrisen pb 14-16'!N894/4+'Hela matrisen pb 14-16'!N809/4+'Hela matrisen pb 14-16'!N724/4 -> 0 | CF107: ='Hela matrisen pb 14-16'!O979/4+'Hela matrisen pb 14-16'!O894/4+'Hela matrisen pb 14-16'!O809/4+'Hela matrisen pb 14-16'!O724/4 -> 0 | CH107: =SUM(C107:CF107) -> 12.215863
B108: 7381022 | C108: ='Hela matrisen pb 14-16'!B728/4+'Hela matrisen pb 14-16'!B813/4+'Hela matrisen pb 14-16'!B898/4+'Hela matrisen pb 14-16'!B983/4 -> 0 | D108: ='Hela matrisen pb 14-16'!C728/4+'Hela matrisen pb 14-16'!C813/4+'Hela matrisen pb 14-16'!C898/4+'Hela matrisen pb 14-16'!C983/4 -> 1.00283 | E108: ='Hela matrisen pb 14-16'!D728/4+'Hela matrisen pb 14-16'!D813/4+'Hela matrisen pb 14-16'!D898/4+'Hela matrisen pb 14-16'!D983/4 -> 3.03988 | F108: ='Hela matrisen pb 14-16'!E728/4+'Hela matrisen pb 14-16'!E813/4+'Hela matrisen pb 14-16'!E898/4+'Hela matrisen pb 14-16'!E983/4 -> 0 | G108: ='Hela matrisen pb 14-16'!F728/4+'Hela matrisen pb 14-16'!F813/4+'Hela matrisen pb 14-16'!F898/4+'Hela matrisen pb 14-16'!F983/4 -> 0 | H108: ='Hela matrisen pb 14-16'!G728/4+'Hela matrisen pb 14-16'!G813/4+'Hela matrisen pb 14-16'!G898/4+'Hela matrisen pb 14-16'!G983/4 -> 0 | I108: ='Hela matrisen pb 14-16'!H728/4+'Hela matrisen pb 14-16'!H813/4+'Hela matrisen pb 14-16'!H898/4+'Hela matrisen pb 14-16'!H983/4 -> 0 | J108: ='Hela matrisen pb 14-16'!I728/4+'Hela matrisen pb 14-16'!I813/4+'Hela matrisen pb 14-16'!I898/4+'Hela matrisen pb 14-16'!I983/4 -> 0 | ... M108: ='Hela matrisen pb 14-16'!L728/4+'Hela matrisen pb 14-16'!L813/4+'Hela matrisen pb 14-16'!L898/4+'Hela matrisen pb 14-16'!L983/4 -> 0 | N108: ='Hela matrisen pb 14-16'!P983/4+'Hela matrisen pb 14-16'!P898/4+'Hela matrisen pb 14-16'!P813/4+'Hela matrisen pb 14-16'!P728/4 -> 0 | O108: ='Hela matrisen pb 14-16'!Q983/4+'Hela matrisen pb 14-16'!Q898/4+'Hela matrisen pb 14-16'!Q813/4+'Hela matrisen pb 14-16'!Q728/4 -> 0 | P108: ='Hela matrisen pb 14-16'!R983/4+'Hela matrisen pb 14-16'!R898/4+'Hela matrisen pb 14-16'!R813/4+'Hela matrisen pb 14-16'!R728/4 -> 5.1332375 | Q108: ='Hela matrisen pb 14-16'!S983/4+'Hela matrisen pb 14-16'!S898/4+'Hela matrisen pb 14-16'!S813/4+'Hela matrisen pb 14-16'!S728/4 -> 0 | R108: ='Hela matrisen pb 14-16'!T983/4+'Hela matrisen pb 14-16'!T898/4+'Hela matrisen pb 14-16'!T813/4+'Hela matrisen pb 14-16'!T728/4 -> 0 | S108: ='Hela matrisen pb 14-16'!U983/4+'Hela matrisen pb 14-16'!U898/4+'Hela matrisen pb 14-16'!U813/4+'Hela matrisen pb 14-16'!U728/4 -> 0 | T108: ='Hela matrisen pb 14-16'!V983/4+'Hela matrisen pb 14-16'!V898/4+'Hela matrisen pb 14-16'!V813/4+'Hela matrisen pb 14-16'!V728/4 -> 0 | U108: ='Hela matrisen pb 14-16'!W983/4+'Hela matrisen pb 14-16'!W898/4+'Hela matrisen pb 14-16'!W813/4+'Hela matrisen pb 14-16'!W728/4 -> 0 | ... CC108: ='Hela matrisen pb 14-16'!CE983/4+'Hela matrisen pb 14-16'!CE898/4+'Hela matrisen pb 14-16'!CE813/4+'Hela matrisen pb 14-16'!CE728/4 -> 0 | CD108: ='Hela matrisen pb 14-16'!M980/4+'Hela matrisen pb 14-16'!M895/4+'Hela matrisen pb 14-16'!M810/4+'Hela matrisen pb 14-16'!M725/4 -> 0 | CE108: ='Hela matrisen pb 14-16'!N980/4+'Hela matrisen pb 14-16'!N895/4+'Hela matrisen pb 14-16'!N810/4+'Hela matrisen pb 14-16'!N725/4 -> 0 | CF108: ='Hela matrisen pb 14-16'!O980/4+'Hela matrisen pb 14-16'!O895/4+'Hela matrisen pb 14-16'!O810/4+'Hela matrisen pb 14-16'!O725/4 -> 0 | CH108: =SUM(C108:CF108) -> 24.65384
B109: 7381023 | C109: ='Hela matrisen pb 14-16'!B729/4+'Hela matrisen pb 14-16'!B814/4+'Hela matrisen pb 14-16'!B899/4+'Hela matrisen pb 14-16'!B984/4 -> 5.9195625 | D109: ='Hela matrisen pb 14-16'!C729/4+'Hela matrisen pb 14-16'!C814/4+'Hela matrisen pb 14-16'!C899/4+'Hela matrisen pb 14-16'!C984/4 -> 7.891155 | E109: ='Hela matrisen pb 14-16'!D729/4+'Hela matrisen pb 14-16'!D814/4+'Hela matrisen pb 14-16'!D899/4+'Hela matrisen pb 14-16'!D984/4 -> 18.970925 | F109: ='Hela matrisen pb 14-16'!E729/4+'Hela matrisen pb 14-16'!E814/4+'Hela matrisen pb 14-16'!E899/4+'Hela matrisen pb 14-16'!E984/4 -> 11.025208 | G109: ='Hela matrisen pb 14-16'!F729/4+'Hela matrisen pb 14-16'!F814/4+'Hela matrisen pb 14-16'!F899/4+'Hela matrisen pb 14-16'!F984/4 -> 14.027625 | H109: ='Hela matrisen pb 14-16'!G729/4+'Hela matrisen pb 14-16'!G814/4+'Hela matrisen pb 14-16'!G899/4+'Hela matrisen pb 14-16'!G984/4 -> 19.853575 | I109: ='Hela matrisen pb 14-16'!H729/4+'Hela matrisen pb 14-16'!H814/4+'Hela matrisen pb 14-16'!H899/4+'Hela matrisen pb 14-16'!H984/4 -> 14.0083 | J109: ='Hela matrisen pb 14-16'!I729/4+'Hela matrisen pb 14-16'!I814/4+'Hela matrisen pb 14-16'!I899/4+'Hela matrisen pb 14-16'!I984/4 -> 14.00176 | ... M109: ='Hela matrisen pb 14-16'!L729/4+'Hela matrisen pb 14-16'!L814/4+'Hela matrisen pb 14-16'!L899/4+'Hela matrisen pb 14-16'!L984/4 -> 1.925465 | N109: ='Hela matrisen pb 14-16'!P984/4+'Hela matrisen pb 14-16'!P899/4+'Hela matrisen pb 14-16'!P814/4+'Hela matrisen pb 14-16'!P729/4 -> 0 | O109: ='Hela matrisen pb 14-16'!Q984/4+'Hela matrisen pb 14-16'!Q899/4+'Hela matrisen pb 14-16'!Q814/4+'Hela matrisen pb 14-16'!Q729/4 -> 2.95318 | P109: ='Hela matrisen pb 14-16'!R984/4+'Hela matrisen pb 14-16'!R899/4+'Hela matrisen pb 14-16'!R814/4+'Hela matrisen pb 14-16'!R729/4 -> 5.0688225 | Q109: ='Hela matrisen pb 14-16'!S984/4+'Hela matrisen pb 14-16'!S899/4+'Hela matrisen pb 14-16'!S814/4+'Hela matrisen pb 14-16'!S729/4 -> 0 | R109: ='Hela matrisen pb 14-16'!T984/4+'Hela matrisen pb 14-16'!T899/4+'Hela matrisen pb 14-16'!T814/4+'Hela matrisen pb 14-16'!T729/4 -> 13.654325 | S109: ='Hela matrisen pb 14-16'!U984/4+'Hela matrisen pb 14-16'!U899/4+'Hela matrisen pb 14-16'!U814/4+'Hela matrisen pb 14-16'!U729/4 -> 0 | T109: ='Hela matrisen pb 14-16'!V984/4+'Hela matrisen pb 14-16'!V899/4+'Hela matrisen pb 14-16'!V814/4+'Hela matrisen pb 14-16'!V729/4 -> 4.2 | U109: ='Hela matrisen pb 14-16'!W984/4+'Hela matrisen pb 14-16'!W899/4+'Hela matrisen pb 14-16'!W814/4+'Hela matrisen pb 14-16'!W729/4 -> 5.251445 | ... CC109: ='Hela matrisen pb 14-16'!CE984/4+'Hela matrisen pb 14-16'!CE899/4+'Hela matrisen pb 14-16'!CE814/4+'Hela matrisen pb 14-16'!CE729/4 -> 1.908895 | CD109: ='Hela matrisen pb 14-16'!M981/4+'Hela matrisen pb 14-16'!M896/4+'Hela matrisen pb 14-16'!M811/4+'Hela matrisen pb 14-16'!M726/4 -> 0 | CE109: ='Hela matrisen pb 14-16'!N981/4+'Hela matrisen pb 14-16'!N896/4+'Hela matrisen pb 14-16'!N811/4+'Hela matrisen pb 14-16'!N726/4 -> 0 | CF109: ='Hela matrisen pb 14-16'!O981/4+'Hela matrisen pb 14-16'!O896/4+'Hela matrisen pb 14-16'!O811/4+'Hela matrisen pb 14-16'!O726/4 -> 0 | CH109: =SUM(C109:CF109) -> 241.0131
B110: 7381024 | C110: ='Hela matrisen pb 14-16'!B730/4+'Hela matrisen pb 14-16'!B815/4+'Hela matrisen pb 14-16'!B900/4+'Hela matrisen pb 14-16'!B985/4 -> 0 | D110: ='Hela matrisen pb 14-16'!C730/4+'Hela matrisen pb 14-16'!C815/4+'Hela matrisen pb 14-16'!C900/4+'Hela matrisen pb 14-16'!C985/4 -> 4.0090875 | E110: ='Hela matrisen pb 14-16'!D730/4+'Hela matrisen pb 14-16'!D815/4+'Hela matrisen pb 14-16'!D900/4+'Hela matrisen pb 14-16'!D985/4 -> 11.1559 | F110: ='Hela matrisen pb 14-16'!E730/4+'Hela matrisen pb 14-16'!E815/4+'Hela matrisen pb 14-16'!E900/4+'Hela matrisen pb 14-16'!E985/4 -> 10.171105 | G110: ='Hela matrisen pb 14-16'!F730/4+'Hela matrisen pb 14-16'!F815/4+'Hela matrisen pb 14-16'!F900/4+'Hela matrisen pb 14-16'!F985/4 -> 10.14928 | H110: ='Hela matrisen pb 14-16'!G730/4+'Hela matrisen pb 14-16'!G815/4+'Hela matrisen pb 14-16'!G900/4+'Hela matrisen pb 14-16'!G985/4 -> 11.172907 | I110: ='Hela matrisen pb 14-16'!H730/4+'Hela matrisen pb 14-16'!H815/4+'Hela matrisen pb 14-16'!H900/4+'Hela matrisen pb 14-16'!H985/4 -> 10.063425 | J110: ='Hela matrisen pb 14-16'!I730/4+'Hela matrisen pb 14-16'!I815/4+'Hela matrisen pb 14-16'!I900/4+'Hela matrisen pb 14-16'!I985/4 -> 7.0380075 | ... M110: ='Hela matrisen pb 14-16'!L730/4+'Hela matrisen pb 14-16'!L815/4+'Hela matrisen pb 14-16'!L900/4+'Hela matrisen pb 14-16'!L985/4 -> 0 | N110: ='Hela matrisen pb 14-16'!P985/4+'Hela matrisen pb 14-16'!P900/4+'Hela matrisen pb 14-16'!P815/4+'Hela matrisen pb 14-16'!P730/4 -> 0 | O110: ='Hela matrisen pb 14-16'!Q985/4+'Hela matrisen pb 14-16'!Q900/4+'Hela matrisen pb 14-16'!Q815/4+'Hela matrisen pb 14-16'!Q730/4 -> 1.027045 | P110: ='Hela matrisen pb 14-16'!R985/4+'Hela matrisen pb 14-16'!R900/4+'Hela matrisen pb 14-16'!R815/4+'Hela matrisen pb 14-16'!R730/4 -> 3.08004 | Q110: ='Hela matrisen pb 14-16'!S985/4+'Hela matrisen pb 14-16'!S900/4+'Hela matrisen pb 14-16'!S815/4+'Hela matrisen pb 14-16'!S730/4 -> 0 | R110: ='Hela matrisen pb 14-16'!T985/4+'Hela matrisen pb 14-16'!T900/4+'Hela matrisen pb 14-16'!T815/4+'Hela matrisen pb 14-16'!T730/4 -> 3.17381 | S110: ='Hela matrisen pb 14-16'!U985/4+'Hela matrisen pb 14-16'!U900/4+'Hela matrisen pb 14-16'!U815/4+'Hela matrisen pb 14-16'!U730/4 -> 0 | T110: ='Hela matrisen pb 14-16'!V985/4+'Hela matrisen pb 14-16'!V900/4+'Hela matrisen pb 14-16'!V815/4+'Hela matrisen pb 14-16'!V730/4 -> 2.116175 | U110: ='Hela matrisen pb 14-16'!W985/4+'Hela matrisen pb 14-16'!W900/4+'Hela matrisen pb 14-16'!W815/4+'Hela matrisen pb 14-16'!W730/4 -> 4.2318975 | ... CC110: ='Hela matrisen pb 14-16'!CE985/4+'Hela matrisen pb 14-16'!CE900/4+'Hela matrisen pb 14-16'!CE815/4+'Hela matrisen pb 14-16'!CE730/4 -> 0.9811325 | CD110: ='Hela matrisen pb 14-16'!M982/4+'Hela matrisen pb 14-16'!M897/4+'Hela matrisen pb 14-16'!M812/4+'Hela matrisen pb 14-16'!M727/4 -> 0 | CE110: ='Hela matrisen pb 14-16'!N982/4+'Hela matrisen pb 14-16'!N897/4+'Hela matrisen pb 14-16'!N812/4+'Hela matrisen pb 14-16'!N727/4 -> 0 | CF110: ='Hela matrisen pb 14-16'!O982/4+'Hela matrisen pb 14-16'!O897/4+'Hela matrisen pb 14-16'!O812/4+'Hela matrisen pb 14-16'!O727/4 -> 0 | CH110: =SUM(C110:CF110) -> 148.3656
... B166: 7381534 | C166: ='Hela matrisen pb 14-16'!B786/4+'Hela matrisen pb 14-16'!B871/4+'Hela matrisen pb 14-16'!B956/4+'Hela matrisen pb 14-16'!B1041/4 -> 1.0048125 | D166: ='Hela matrisen pb 14-16'!C786/4+'Hela matrisen pb 14-16'!C871/4+'Hela matrisen pb 14-16'!C956/4+'Hela matrisen pb 14-16'!C1041/4 -> 0 | E166: ='Hela matrisen pb 14-16'!D786/4+'Hela matrisen pb 14-16'!D871/4+'Hela matrisen pb 14-16'!D956/4+'Hela matrisen pb 14-16'!D1041/4 -> 0 | F166: ='Hela matrisen pb 14-16'!E786/4+'Hela matrisen pb 14-16'!E871/4+'Hela matrisen pb 14-16'!E956/4+'Hela matrisen pb 14-16'!E1041/4 -> 0 | G166: ='Hela matrisen pb 14-16'!F786/4+'Hela matrisen pb 14-16'!F871/4+'Hela matrisen pb 14-16'!F956/4+'Hela matrisen pb 14-16'!F1041/4 -> 2.00276 | H166: ='Hela matrisen pb 14-16'!G786/4+'Hela matrisen pb 14-16'!G871/4+'Hela matrisen pb 14-16'!G956/4+'Hela matrisen pb 14-16'!G1041/4 -> 0 | I166: ='Hela matrisen pb 14-16'!H786/4+'Hela matrisen pb 14-16'!H871/4+'Hela matrisen pb 14-16'!H956/4+'Hela matrisen pb 14-16'!H1041/4 -> 0 | J166: ='Hela matrisen pb 14-16'!I786/4+'Hela matrisen pb 14-16'!I871/4+'Hela matrisen pb 14-16'!I956/4+'Hela matrisen pb 14-16'!I1041/4 -> 0 | ... M166: ='Hela matrisen pb 14-16'!L786/4+'Hela matrisen pb 14-16'!L871/4+'Hela matrisen pb 14-16'!L956/4+'Hela matrisen pb 14-16'!L1041/4 -> 0 | N166: ='Hela matrisen pb 14-16'!P1041/4+'Hela matrisen pb 14-16'!P956/4+'Hela matrisen pb 14-16'!P871/4+'Hela matrisen pb 14-16'!P786/4 -> 0 | O166: ='Hela matrisen pb 14-16'!Q1041/4+'Hela matrisen pb 14-16'!Q956/4+'Hela matrisen pb 14-16'!Q871/4+'Hela matrisen pb 14-16'!Q786/4 -> 0 | P166: ='Hela matrisen pb 14-16'!R1041/4+'Hela matrisen pb 14-16'!R956/4+'Hela matrisen pb 14-16'!R871/4+'Hela matrisen pb 14-16'!R786/4 -> 0.991455 | Q166: ='Hela matrisen pb 14-16'!S1041/4+'Hela matrisen pb 14-16'!S956/4+'Hela matrisen pb 14-16'!S871/4+'Hela matrisen pb 14-16'!S786/4 -> 0.973665 | R166: ='Hela matrisen pb 14-16'!T1041/4+'Hela matrisen pb 14-16'!T956/4+'Hela matrisen pb 14-16'!T871/4+'Hela matrisen pb 14-16'!T786/4 -> 2.01675 | S166: ='Hela matrisen pb 14-16'!U1041/4+'Hela matrisen pb 14-16'!U956/4+'Hela matrisen pb 14-16'!U871/4+'Hela matrisen pb 14-16'!U786/4 -> 0 | T166: ='Hela matrisen pb 14-16'!V1041/4+'Hela matrisen pb 14-16'!V956/4+'Hela matrisen pb 14-16'!V871/4+'Hela matrisen pb 14-16'!V786/4 -> 0 | U166: ='Hela matrisen pb 14-16'!W1041/4+'Hela matrisen pb 14-16'!W956/4+'Hela matrisen pb 14-16'!W871/4+'Hela matrisen pb 14-16'!W786/4 -> 4.0054575 | ... CC166: ='Hela matrisen pb 14-16'!CE1041/4+'Hela matrisen pb 14-16'!CE956/4+'Hela matrisen pb 14-16'!CE871/4+'Hela matrisen pb 14-16'!CE786/4 -> 0 | CD166: ='Hela matrisen pb 14-16'!M1038/4+'Hela matrisen pb 14-16'!M953/4+'Hela matrisen pb 14-16'!M868/4+'Hela matrisen pb 14-16'!M783/4 -> 1 | CE166: ='Hela matrisen pb 14-16'!N1038/4+'Hela matrisen pb 14-16'!N953/4+'Hela matrisen pb 14-16'!N868/4+'Hela matrisen pb 14-16'!N783/4 -> 2.03751 | CF166: ='Hela matrisen pb 14-16'!O1038/4+'Hela matrisen pb 14-16'!O953/4+'Hela matrisen pb 14-16'!O868/4+'Hela matrisen pb 14-16'!O783/4 -> 0 | CH166: =SUM(C166:CF166) -> 57.810955
B167: 13 | C167: ='Hela matrisen pb 14-16'!B716/4+'Hela matrisen pb 14-16'!B801/4+'Hela matrisen pb 14-16'!B886/4+'Hela matrisen pb 14-16'!B971/4 -> 5.0050675 | D167: ='Hela matrisen pb 14-16'!C716/4+'Hela matrisen pb 14-16'!C801/4+'Hela matrisen pb 14-16'!C886/4+'Hela matrisen pb 14-16'!C971/4 -> 5.00507 | E167: ='Hela matrisen pb 14-16'!D716/4+'Hela matrisen pb 14-16'!D801/4+'Hela matrisen pb 14-16'!D886/4+'Hela matrisen pb 14-16'!D971/4 -> 6.055715 | F167: ='Hela matrisen pb 14-16'!E716/4+'Hela matrisen pb 14-16'!E801/4+'Hela matrisen pb 14-16'!E886/4+'Hela matrisen pb 14-16'!E971/4 -> 22.01915 | G167: ='Hela matrisen pb 14-16'!F716/4+'Hela matrisen pb 14-16'!F801/4+'Hela matrisen pb 14-16'!F886/4+'Hela matrisen pb 14-16'!F971/4 -> 13.016685 | H167: ='Hela matrisen pb 14-16'!G716/4+'Hela matrisen pb 14-16'!G801/4+'Hela matrisen pb 14-16'!G886/4+'Hela matrisen pb 14-16'!G971/4 -> 0 | I167: ='Hela matrisen pb 14-16'!H716/4+'Hela matrisen pb 14-16'!H801/4+'Hela matrisen pb 14-16'!H886/4+'Hela matrisen pb 14-16'!H971/4 -> 0 | J167: ='Hela matrisen pb 14-16'!I716/4+'Hela matrisen pb 14-16'!I801/4+'Hela matrisen pb 14-16'!I886/4+'Hela matrisen pb 14-16'!I971/4 -> 21.1629 | ... CC167: ='Hela matrisen pb 14-16'!CB716/4+'Hela matrisen pb 14-16'!CB801/4+'Hela matrisen pb 14-16'!CB886/4+'Hela matrisen pb 14-16'!CB971/4 -> 40 | CD167: ='Hela matrisen pb 14-16'!M1039/4+'Hela matrisen pb 14-16'!M954/4+'Hela matrisen pb 14-16'!M869/4+'Hela matrisen pb 14-16'!M784/4 -> 4 | CE167: ='Hela matrisen pb 14-16'!N1039/4+'Hela matrisen pb 14-16'!N954/4+'Hela matrisen pb 14-16'!N869/4+'Hela matrisen pb 14-16'!N784/4 -> 0 | CF167: ='Hela matrisen pb 14-16'!O1039/4+'Hela matrisen pb 14-16'!O954/4+'Hela matrisen pb 14-16'!O869/4+'Hela matrisen pb 14-16'!O784/4 -> 8.03408 | CH167: =SUM(C167:CF167) -> 486.52046
B168: 14 | C168: ='Hela matrisen pb 14-16'!B717/4+'Hela matrisen pb 14-16'!B802/4+'Hela matrisen pb 14-16'!B887/4+'Hela matrisen pb 14-16'!B972/4 -> 0 | D168: ='Hela matrisen pb 14-16'!C717/4+'Hela matrisen pb 14-16'!C802/4+'Hela matrisen pb 14-16'!C887/4+'Hela matrisen pb 14-16'!C972/4 -> 0 | E168: ='Hela matrisen pb 14-16'!D717/4+'Hela matrisen pb 14-16'!D802/4+'Hela matrisen pb 14-16'!D887/4+'Hela matrisen pb 14-16'!D972/4 -> 0 | F168: ='Hela matrisen pb 14-16'!E717/4+'Hela matrisen pb 14-16'!E802/4+'Hela matrisen pb 14-16'!E887/4+'Hela matrisen pb 14-16'!E972/4 -> 1.0066675 | G168: ='Hela matrisen pb 14-16'!F717/4+'Hela matrisen pb 14-16'!F802/4+'Hela matrisen pb 14-16'!F887/4+'Hela matrisen pb 14-16'!F972/4 -> 0 | H168: ='Hela matrisen pb 14-16'!G717/4+'Hela matrisen pb 14-16'!G802/4+'Hela matrisen pb 14-16'!G887/4+'Hela matrisen pb 14-16'!G972/4 -> 0 | I168: ='Hela matrisen pb 14-16'!H717/4+'Hela matrisen pb 14-16'!H802/4+'Hela matrisen pb 14-16'!H887/4+'Hela matrisen pb 14-16'!H972/4 -> 0 | J168: ='Hela matrisen pb 14-16'!I717/4+'Hela matrisen pb 14-16'!I802/4+'Hela matrisen pb 14-16'!I887/4+'Hela matrisen pb 14-16'!I972/4 -> 2.9892375 | ... CC168: ='Hela matrisen pb 14-16'!CB717/4+'Hela matrisen pb 14-16'!CB802/4+'Hela matrisen pb 14-16'!CB887/4+'Hela matrisen pb 14-16'!CB972/4 -> 5.016515 | CD168: ='Hela matrisen pb 14-16'!M1040/4+'Hela matrisen pb 14-16'!M955/4+'Hela matrisen pb 14-16'!M870/4+'Hela matrisen pb 14-16'!M785/4 -> 0 | CE168: ='Hela matrisen pb 14-16'!N1040/4+'Hela matrisen pb 14-16'!N955/4+'Hela matrisen pb 14-16'!N870/4+'Hela matrisen pb 14-16'!N785/4 -> 0 | CF168: ='Hela matrisen pb 14-16'!O1040/4+'Hela matrisen pb 14-16'!O955/4+'Hela matrisen pb 14-16'!O870/4+'Hela matrisen pb 14-16'!O785/4 -> 0 | CH168: =SUM(C168:CF168) -> 60.823595
B169: 15 | C169: ='Hela matrisen pb 14-16'!B718/4+'Hela matrisen pb 14-16'!B803/4+'Hela matrisen pb 14-16'!B888/4+'Hela matrisen pb 14-16'!B973/4 -> 2.9601275 | D169: ='Hela matrisen pb 14-16'!C718/4+'Hela matrisen pb 14-16'!C803/4+'Hela matrisen pb 14-16'!C888/4+'Hela matrisen pb 14-16'!C973/4 -> 7.8931 | E169: ='Hela matrisen pb 14-16'!D718/4+'Hela matrisen pb 14-16'!D803/4+'Hela matrisen pb 14-16'!D888/4+'Hela matrisen pb 14-16'!D973/4 -> 4.9069575 | F169: ='Hela matrisen pb 14-16'!E718/4+'Hela matrisen pb 14-16'!E803/4+'Hela matrisen pb 14-16'!E888/4+'Hela matrisen pb 14-16'!E973/4 -> 11.13153 | G169: ='Hela matrisen pb 14-16'!F718/4+'Hela matrisen pb 14-16'!F803/4+'Hela matrisen pb 14-16'!F888/4+'Hela matrisen pb 14-16'!F973/4 -> 5.0617375 | H169: ='Hela matrisen pb 14-16'!G718/4+'Hela matrisen pb 14-16'!G803/4+'Hela matrisen pb 14-16'!G888/4+'Hela matrisen pb 14-16'!G973/4 -> 0 | I169: ='Hela matrisen pb 14-16'!H718/4+'Hela matrisen pb 14-16'!H803/4+'Hela matrisen pb 14-16'!H888/4+'Hela matrisen pb 14-16'!H973/4 -> 0 | J169: ='Hela matrisen pb 14-16'!I718/4+'Hela matrisen pb 14-16'!I803/4+'Hela matrisen pb 14-16'!I888/4+'Hela matrisen pb 14-16'!I973/4 -> 6.1497125 | ... CC169: ='Hela matrisen pb 14-16'!CB718/4+'Hela matrisen pb 14-16'!CB803/4+'Hela matrisen pb 14-16'!CB888/4+'Hela matrisen pb 14-16'!CB973/4 -> 61.9702 | CD169: ='Hela matrisen pb 14-16'!M1041/4+'Hela matrisen pb 14-16'!M956/4+'Hela matrisen pb 14-16'!M871/4+'Hela matrisen pb 14-16'!M786/4 -> 0 | CE169: ='Hela matrisen pb 14-16'!N1041/4+'Hela matrisen pb 14-16'!N956/4+'Hela matrisen pb 14-16'!N871/4+'Hela matrisen pb 14-16'!N786/4 -> 0 | CF169: ='Hela matrisen pb 14-16'!O1041/4+'Hela matrisen pb 14-16'!O956/4+'Hela matrisen pb 14-16'!O871/4+'Hela matrisen pb 14-16'!O786/4 -> 0 | CH169: =SUM(C169:CF169) -> 344.65233
B171: Steg 5: Skillnaden i antal
C172: 1 | D172: 2 | E172: 3 | F172: 4 | G172: 5 | H172: 6 | I172: 7 | J172: 8 | K172: 9 | L172: 10 | M172: 11 | N172: 7381011 | O172: 7381012 | P172: 7381013 | Q172: 7381014 | R172: 7381015 | S172: 7381016 | T172: 7381017 | U172: 7381018 | V172: 7381021 | W172: 7381022 | X172: 7381023 | Y172: 7381024 | Z172: 7381031 | AA172: 7381032 | AB172: 7381033 | AC172: 7381034 | AD172: 7381041 | AE172: 7381042 | AF172: 7381043 | AG172: 7381044 | AH172: 7381051 | AI172: 7381052 | AJ172: 7381053 | AK172: 7381054 | AL172: 7381055 | AM172: 7381071 | AN172: 7381072 | AO172: 7381073 | AP172: 7381074 | AQ172: 7381075 | AR172: 7381076 | AS172: 7381077 | AT172: 7381081 | AU172: 7381082 | AV172: 7381083 | AW172: 7381084 | AX172: 7381085 | AY172: 7381086 | AZ172: 7381091 | BA172: 7381092 | BB172: 7381092 | BC172: 7381101 | BD172: 7381102 | BE172: 7381103 | BF172: 7381111 | BG172: 7381112 | BH172: 7381113 | BI172: 7381121 | BJ172: 7381122 | BK172: 7381123 | BL172: 7381124 | BM172: 7381511 | BN172: 7381512 | BO172: 7381513 | BP172: 7381514 | BQ172: 7381515 | BR172: 7381516 | BS172: 7381517 | BT172: 7381518 | BU172: 7381521 | BV172: 7381522 | BW172: 7381523 | BX172: 7381524 | BY172: 7381525 | BZ172: 7381531 | CA172: 7381532 | CB172: 7381533 | CC172: 7381534 | CD172: 13 | CE172: 14 | CF172: 15
B173: 1 | C173: =C88-C3 -> 0 | D173: =D88-D3 -> 0 | E173: =E88-E3 -> -0.733032 | F173: =F88-F3 -> -6.831835 | G173: =G88-G3 -> -2.697526 | H173: =H88-H3 -> -2.192372 | I173: =I88-I3 -> 8.483227 | J173: =J88-J3 -> -1.439829 | ... CF173: =CF88-CF3 -> -0.45444796 | CH173: =SUM(C173:CF173) -> 27.439228 | CI173: =CH173/CH3 -> 0.21742005
B174: 2 | C174: =C89-C4 -> 0 | D174: =D89-D4 -> 0 | E174: =E89-E4 -> -1.233983 | F174: =F89-F4 -> -4.78816 | G174: =G89-G4 -> -0.9983835 | H174: =H89-H4 -> -8.754299 | I174: =I89-I4 -> 0.4531545 | J174: =J89-J4 -> 7.3017285 | ... CF174: =CF89-CF4 -> -0.55862899 | CH174: =SUM(C174:CF174) -> 35.34072 | CI174: =CH174/CH4 -> 0.22007849
B175: 3 | C175: =C90-C5 -> -2.024478 | D175: =D90-D5 -> -1.434597 | E175: =E90-E5 -> 0 | F175: =F90-F5 -> 0.569895 | G175: =G90-G5 -> 0.059967 | H175: =H90-H5 -> -6.359233 | I175: =I90-I5 -> 0.349127 | J175: =J90-J5 -> -0.323184 | ... CF175: =CF90-CF5 -> -0.49103788 | CH175: =SUM(C175:CF175) -> -2.4157652 | CI175: =CH175/CH5 -> -0.013213891
B176: 4 | C176: =C91-C6 -> 0.205288 | D176: =D91-D6 -> -1.100064 | E176: =E91-E6 -> -0.3958495 | F176: =F91-F6 -> 0 | G176: =G91-G6 -> -6.9278025 | H176: =H91-H6 -> 0 | I176: =I91-I6 -> -9.535929 | J176: =J91-J6 -> 1.757931 | ... CF176: =CF91-CF6 -> -1.7768564 | CH176: =SUM(C176:CF176) -> 24.664235 | CI176: =CH176/CH6 -> 0.070853492
B177: 5 | C177: =C92-C7 -> -1.275342 | D177: =D92-D7 -> -0.6284835 | E177: =E92-E7 -> 1.2286815 | F177: =F92-F7 -> -4.22374 | G177: =G92-G7 -> 0 | H177: =H92-H7 -> -0.6694535 | I177: =I92-I7 -> -4.293861 | J177: =J92-J7 -> -0.787441 | ... CF177: =CF92-CF7 -> -0.62341643 | CH177: =SUM(C177:CF177) -> 14.572375 | CI177: =CH177/CH7 -> 0.098246719
B178: 6 | C178: =C93-C8 -> -5.922471 | D178: =D93-D8 -> -5.2953435 | E178: =E93-E8 -> 0.226596 | F178: =F93-F8 -> 20 | G178: =G93-G8 -> 18.431597 | H178: =H93-H8 -> 0 | I178: =I93-I8 -> -116.13235 | J178: =J93-J8 -> -55.365558 | ... CF178: =CF93-CF8 -> 0 | CH178: =SUM(C178:CF178) -> 51.570737 | CI178: =CH178/CH8 -> 0.045650157
B179: 7 | C179: =C94-C9 -> 0.020652 | D179: =D94-D9 -> -0.4216875 | E179: =E94-E9 -> 2.217041 | F179: =F94-F9 -> 2.672098 | G179: =G94-G9 -> -0.416861 | H179: =H94-H9 -> -139.07629 | I179: =I94-I9 -> 0 | J179: =J94-J9 -> 0 | ... CF179: =CF94-CF9 -> 0 | CH179: =SUM(C179:CF179) -> 60.802162 | CI179: =CH179/CH9 -> 0.047196709
B180: 8 | C180: =C95-C10 -> 2.974497 | D180: =D95-D10 -> -1.151615 | E180: =E95-E10 -> 1.282408 | F180: =F95-F10 -> 19.26996 | G180: =G95-G10 -> 3.6585115 | H180: =H95-H10 -> -36.204528 | I180: =I95-I10 -> 0 | J180: =J95-J10 -> 0 | ... CF180: =CF95-CF10 -> -2.0367593 | CH180: =SUM(C180:CF180) -> -63.076467 | CI180: =CH180/CH10 -> -0.093340384
B181: 9 | C181: =C96-C11 -> -1.5054835 | D181: =D96-D11 -> -1.4011965 | E181: =E96-E11 -> -1.943524 | F181: =F96-F11 -> 6.111358 | G181: =G96-G11 -> -0.000473 | H181: =H96-H11 -> -12.857601 | I181: =I96-I11 -> -46.083015 | J181: =J96-J11 -> -4.3799 | ... CF181: =CF96-CF11 -> 0.70450497 | CH181: =SUM(C181:CF181) -> -0.13876255 | CI181: =CH181/CH11 -> -0.00033260544
B182: 10 | C182: =C97-C12 -> -0.0512985 | D182: =D97-D12 -> -0.412063 | E182: =E97-E12 -> 0.1921665 | F182: =F97-F12 -> 0.729067 | G182: =G97-G12 -> -1.123412 | H182: =H97-H12 -> -56.299352 | I182: =I97-I12 -> 0 | J182: =J97-J12 -> 0 | ... CF182: =CF97-CF12 -> -0.94053107 | CH182: =SUM(C182:CF182) -> -62.40025 | CI182: =CH182/CH12 -> -0.24060572
B183: 11 | C183: =C98-C13 -> -0.060561 | D183: =D98-D13 -> -0.046015 | E183: =E98-E13 -> 1.731249 | F183: =F98-F13 -> -0.2186325 | G183: =G98-G13 -> 0 | H183: =H98-H13 -> 0 | I183: =I98-I13 -> 0 | J183: =J98-J13 -> 0 | ... CF183: =CF98-CF13 -> 0 | CH183: =SUM(C183:CF183) -> -16.896313 | CI183: =CH183/CH13 -> -0.55296639
B184: 7381011 | C184: =C99-C14 -> 4.6863343 | D184: =D99-D14 -> 5.3501324 | E184: =E99-E14 -> 2.7420669 | F184: =F99-F14 -> -0.72889725 | G184: =G99-G14 -> 0.99857233 | H184: =H99-H14 -> -1.7878677 | I184: =I99-I14 -> -1.1702047 | J184: =J99-J14 -> -0.92650362 | ... CF184: =CF99-CF14 -> 50.163243 | CH184: =SUM(C184:CF184) -> 64.314031 | CI184: =CH184/CH14 -> 2.0167796
... B247: 7381525 | C247: =C162-C77 -> 2.3005533 | D247: =D162-D77 -> -5.6495597 | E247: =E162-E77 -> -1.4145247 | F247: =F162-F77 -> -2.8822686 | G247: =G162-G77 -> -1.2497554 | H247: =H162-H77 -> -4.5203684 | I247: =I162-I77 -> -5.2094981 | J247: =J162-J77 -> -2.6654531 | ... CF247: =CF162-CF77 -> -0.40318718 | CH247: =SUM(C247:CF247) -> -44.292862 | CI247: =CH247/CH77 -> -0.23055753
B248: 7381531 | C248: =C163-C78 -> 4.4827337 | D248: =D163-D78 -> 7.233519 | E248: =E163-E78 -> 7.8198745 | F248: =F163-F78 -> 6.5833527 | G248: =G163-G78 -> 3.3939677 | H248: =H163-H78 -> 102.36848 | I248: =I163-I78 -> 59.252464 | J248: =J163-J78 -> 0.24666398 | ... CF248: =CF163-CF78 -> -2.93217 | CH248: =SUM(C248:CF248) -> 627.01455 | CI248: =CH248/CH78 -> 7.7327523 | CJ248: Handelsområde
B249: 7381532 | C249: =C164-C79 -> 0.4259537 | D249: =D164-D79 -> -0.856791 | E249: =E164-E79 -> 0.67646945 | F249: =F164-F79 -> 11.564068 | G249: =G164-G79 -> 6.4021478 | H249: =H164-H79 -> -1.5365229 | I249: =I164-I79 -> -1.8495861 | J249: =J164-J79 -> -0.72492601 | ... CF249: =CF164-CF79 -> -4.3353863 | CH249: =SUM(C249:CF249) -> 173.46492 | CI249: =CH249/CH79 -> 2.1028912
B250: 7381533 | C250: =C165-C80 -> -0.3850792 | D250: =D165-D80 -> -0.571194 | E250: =E165-E80 -> -0.5523187 | F250: =F165-F80 -> 1.0797585 | G250: =G165-G80 -> -0.3908065 | H250: =H165-H80 -> -1.0243486 | I250: =I165-I80 -> 6.8537401 | J250: =J165-J80 -> -0.48328401 | ... CF250: =CF165-CF80 -> 0 | CH250: =SUM(C250:CF250) -> 7.9678279 | CI250: =CH250/CH80 -> 0.15292673
B251: 7381534 | C251: =C166-C81 -> 0.6197333 | D251: =D166-D81 -> -0.571194 | E251: =E166-E81 -> -1.5686187 | F251: =F166-F81 -> -0.9238765 | G251: =G166-G81 -> 1.6119535 | H251: =H166-H81 -> -1.0243486 | I251: =I166-I81 -> -1.2330574 | J251: =J166-J81 -> -0.48328401 | ... CF251: =CF166-CF81 -> 0 | CH251: =SUM(C251:CF251) -> 5.7086954 | CI251: =CH251/CH81 -> 0.10956714
B252: 13 | C252: =C167-C82 -> 1.1741339 | D252: =D167-D82 -> 1.2167475 | E252: =E167-E82 -> 2.6815974 | F252: =F167-F82 -> 7.3133562 | G252: =G167-G82 -> 8.5733578 | H252: =H167-H82 -> 0 | I252: =I167-I82 -> 0 | J252: =J167-J82 -> 9.5073428 | ... CF252: =CF167-CF82 -> -12.047943 | CH252: =SUM(C252:CF252) -> 126.02942 | CI252: =CH252/CH82 -> 0.34960487
B253: 14 | C253: =C168-C83 -> -0.43022028 | D253: =D168-D83 -> -0.33097667 | E253: =E168-E83 -> -0.34395698 | F253: =F168-F83 -> -0.41835594 | G253: =G168-G83 -> -0.37898131 | H253: =H168-H83 -> 0 | I253: =I168-I83 -> 0 | J253: =J168-J83 -> -1.4157186 | ... CF253: =CF168-CF83 -> -2.9376707 | CH253: =SUM(C253:CF253) -> 9.4691309 | CI253: =CH253/CH83 -> 0.18438769
B254: 15 | C254: =C169-C84 -> 1.267845 | D254: =D169-D84 -> 6.2196406 | E254: =E169-E84 -> 3.4164696 | F254: =F169-F84 -> 4.63537 | G254: =G169-G84 -> 3.0989353 | H254: =H169-H84 -> 0 | I254: =I169-I84 -> 0 | J254: =J169-J84 -> 1.0009686 | ... CF254: =CF169-CF84 -> 0 | CH254: =SUM(C254:CF254) -> 244.89533 | CI254: =CH254/CH84 -> 2.4549185
CH256: =SUM(CH173:CH255) -> 2144.3141

Sheet Uppdelning 15min intervall
A1: Andel av matris kl 16-17
A2: 0.58333333 | B2: 0.59375 | C2: 0.16 | E2: Baserat på sammanställning av trafikmätningar
A3: 0.59375 | B3: 0.60416667 | C3: 0.17
A4: 0.60416667 | B4: 0.61458333 | C4: 0.16
A5: 0.61458333 | B5: 0.625 | C5: 0.16
A6: 0.625 | B6: 0.63541667 | C6: 0.19
A7: 0.63541667 | B7: 0.64583333 | C7: 0.18
A8: 0.64583333 | B8: 0.65625 | C8: 0.21
A9: 0.65625 | B9: 0.66666667 | C9: 0.2
A10: 0.66666667 | B10: 0.67708333 | C10: 0.27
A11: 0.67708333 | B11: 0.6875 | C11: 0.25
A12: 0.6875 | B12: 0.69791667 | C12: 0.24
A13: 0.69791667 | B13: 0.70833333 | C13: 0.24 | E13: 1
A14: 0.70833333 | B14: 0.71875 | C14: 0.13
A15: 0.71875 | B15: 0.72916667 | C15: 0.12
A16: 0.72916667 | B16: 0.73958333 | C16: 0.13
A17: 0.73958333 | B17: 0.75 | C17: 0.11

Sheet Hela matrisen pb 14-16
A1: <DYNAMEQ>
A2: <VERSION_23,0>
A3: <MATRIX_FILE>
A4: * CREATED fre 27, mar 09:54:59 2026
A5: * name: Nulage 2023 14-18 PB
A6: * description: Manuellt justerad i vissa relationer
A7: Copy_Eftermiddag_Length50__v5_kal_5_10
A8: * units: veh/h
A9: FORMAT:full
A10: VEH_CLASS
A11: Pb
A12: DATA
A13: 0.58333333
A14: 0.75
A15: SLICE
A16: 0.59375
B17: 1 | C17: 2 | D17: 3 | E17: 4 | F17: 5 | G17: 6 | H17: 7 | I17: 8 | J17: 9 | K17: 10 | L17: 11 | M17: 13 | N17: 14 | O17: 15 | P17: 7381011 | Q17: 7381012 | R17: 7381013 | S17: 7381014 | T17: 7381015 | U17: 7381016 | V17: 7381017 | W17: 7381018 | X17: 7381021 | Y17: 7381022 | Z17: 7381023 | AA17: 7381024 | AB17: 7381031 | AC17: 7381032 | AD17: 7381033 | AE17: 7381034 | AF17: 7381041 | AG17: 7381042 | AH17: 7381043 | AI17: 7381044 | AJ17: 7381051 | AK17: 7381052 | AL17: 7381053 | AM17: 7381054 | AN17: 7381055 | AO17: 7381071 | AP17: 7381072 | AQ17: 7381073 | AR17: 7381074 | AS17: 7381075 | AT17: 7381076 | AU17: 7381077 | AV17: 7381081 | AW17: 7381082 | AX17: 7381083 | AY17: 7381084 | AZ17: 7381085 | BA17: 7381086 | BB17: 7381091 | BC17: 7381092 | BD17: 7381093 | BE17: 7381101 | BF17: 7381102 | BG17: 7381103 | BH17: 7381111 | BI17: 7381112 | BJ17: 7381113 | BK17: 7381121 | BL17: 7381122 | BM17: 7381123 | BN17: 7381124 | BO17: 7381511 | BP17: 7381512 | BQ17: 7381513 | BR17: 7381514 | BS17: 7381515 | BT17: 7381516 | BU17: 7381517 | BV17: 7381518 | BW17: 7381521 | BX17: 7381522 | BY17: 7381523 | BZ17: 7381524 | CA17: 7381525 | CB17: 7381531 | CC17: 7381532 | CD17: 7381533 | CE17: 7381534
A18: 1 | B18: 0 | C18: 0 | D18: 0 | E18: 3.98735 | F18: 0 | G18: 4.02667 | H18: 8.03177 | I18: 0 | J18: 0 | K18: 0 | L18: 0 | M18: 3.94675 | N18: 0 | O18: 0 | P18: 0 | Q18: 0 | R18: 3.93039 | S18: 0 | T18: 0 | U18: 0 | V18: 0 | W18: 0 | X18: 4.00176 | Y18: 0 | Z18: 4.02304 | AA18: 0 | AB18: 0 | AC18: 4.0483 | AD18: 0 | AE18: 0 | AF18: 0 | AG18: 0 | AH18: 0 | AI18: 0 | AJ18: 0 | AK18: 0 | AL18: 7.81807 | AM18: 0 | AN18: 0 | AO18: 0 | AP18: 7.87014 | AQ18: 0 | AR18: 0 | AS18: 0 | AT18: 0 | AU18: 0 | AV18: 0 | AW18: 0 | AX18: 0 | AY18: 0 | AZ18: 0 | BA18: 0 | BB18: 0 | BC18: 0 | BD18: 0 | BE18: 0 | BF18: 0 | BG18: 0 | BH18: 0 | BI18: 4.02452 | BJ18: 0 | BK18: 0 | BL18: 0 | BM18: 0 | BN18: 0 | BO18: 0 | BP18: 3.79679 | BQ18: 3.90903 | BR18: 0 | BS18: 4.02794 | BT18: 0 | BU18: 0 | BV18: 0 | BW18: 4.02794 | BX18: 0 | BY18: 0 | BZ18: 0 | CA18: 0 | CB18: 0 | CC18: 3.94675 | CD18: 0 | CE18: 0
A19: 2 | B19: 0 | C19: 0 | D19: 0 | E19: 3.98735 | F19: 3.97127 | G19: 12.08 | H19: 0 | I19: 7.99058 | J19: 12.1362 | K19: 0 | L19: 0 | M19: 0 | N19: 0 | O19: 0 | P19: 0 | Q19: 0 | R19: 0 | S19: 3.89245 | T19: 0 | U19: 0 | V19: 0 | W19: 0 | X19: 0 | Y19: 4.00176 | Z19: 0 | AA19: 0 | AB19: 0 | AC19: 4.0483 | AD19: 0 | AE19: 0 | AF19: 0 | AG19: 0 | AH19: 0 | AI19: 0 | AJ19: 3.85584 | AK19: 3.9613 | AL19: 7.79133 | AM19: 0 | AN19: 0 | AO19: 0 | AP19: 7.95533 | AQ19: 0 | AR19: 3.97164 | AS19: 0 | AT19: 0 | AU19: 0 | AV19: 0 | AW19: 0 | AX19: 0 | AY19: 0 | AZ19: 0 | BA19: 0 | BB19: 0 | BC19: 0 | BD19: 4.04798 | BE19: 0 | BF19: 0 | BG19: 0 | BH19: 0 | BI19: 0 | BJ19: 0 | BK19: 0 | BL19: 0 | BM19: 3.94675 | BN19: 0 | BO19: 0 | BP19: 0 | BQ19: 0 | BR19: 0 | BS19: 4.02794 | BT19: 0 | BU19: 0 | BV19: 0 | BW19: 0 | BX19: 0 | BY19: 0 | BZ19: 0 | CA19: 0 | CB19: 11.8566 | CC19: 3.94675 | CD19: 0 | CE19: 0
A20: 3 | B20: 0 | C20: 0 | D20: 0 | E20: 7.99194 | F20: 7.95978 | G20: 16.1335 | H20: 7.93371 | I20: 11.8594 | J20: 0 | K20: 0 | L20: 0 | M20: 0 | N20: 0 | O20: 0 | P20: 0 | Q20: 0 | R20: 3.9505 | S20: 0 | T20: 3.9813 | U20: 0 | V20: 3.88602 | W20: 0 | X20: 4.01383 | Y20: 0 | Z20: 0 | AA20: 4.03813 | AB20: 0 | AC20: 0 | AD20: 0 | AE20: 0 | AF20: 21.4143 | AG20: 0 | AH20: 0 | AI20: 0 | AJ20: 0 | AK20: 3.97639 | AL20: 0 | AM20: 0 | AN20: 0 | AO20: 0 | AP20: 0 | AQ20: 0 | AR20: 0 | AS20: 0 | AT20: 0 | AU20: 0 | AV20: 0 | AW20: 0 | AX20: 0 | AY20: 0 | AZ20: 0 | BA20: 0 | BB20: 4.0493 | BC20: 0 | BD20: 0 | BE20: 0 | BF20: 0 | BG20: 0 | BH20: 0 | BI20: 0 | BJ20: 0 | BK20: 0 | BL20: 0 | BM20: 0 | BN20: 0 | BO20: 0 | BP20: 0 | BQ20: 0 | BR20: 0 | BS20: 0 | BT20: 0 | BU20: 0 | BV20: 0 | BW20: 0 | BX20: 0 | BY20: 0 | BZ20: 0 | CA20: 0 | CB20: 3.92845 | CC20: 0 | CD20: 0 | CE20: 0
A21: 4 | B21: 0 | C21: 3.97922 | D21: 0 | E21: 0 | F21: 7.74464 | G21: 0 | H21: 40.1436 | I21: 35.9439 | J21: 24.2633 | K21: 8.06247 | L21: 3.99492 | M21: 0 | N21: 0 | O21: 0 | P21: 0 | Q21: 0 | R21: 7.99387 | S21: 7.88851 | T21: 8.12423 | U21: 0 | V21: 0 | W21: 12.1864 | X21: 0 | Y21: 3.92438 | Z21: 0 | AA21: 0 | AB21: 0 | AC21: 0 | AD21: 0 | AE21: 0 | AF21: 0 | AG21: 0 | AH21: 0 | AI21: 0 | AJ21: 3.98043 | AK21: 4.0051 | AL21: 3.98767 | AM21: 0 | AN21: 0 | AO21: 0 | AP21: 15.7797 | AQ21: 0 | AR21: 0 | AS21: 0 | AT21: 0 | AU21: 0 | AV21: 0 | AW21: 0 | AX21: 0 | AY21: 0 | AZ21: 4.02432 | BA21: 0 | BB21: 8.01044 | BC21: 0 | BD21: 0 | BE21: 4.00522 | BF21: 0 | BG21: 0 | BH21: 0 | BI21: 0 | BJ21: 0 | BK21: 0 | BL21: 3.9965 | BM21: 3.9965 | BN21: 0 | BO21: 0 | BP21: 0 | BQ21: 0 | BR21: 0 | BS21: 0 | BT21: 0 | BU21: 0 | BV21: 0 | BW21: 4.00493 | BX21: 0 | BY21: 3.97533 | BZ21: 0 | CA21: 0 | CB21: 12.029 | CC21: 8.01653 | CD21: 3.94492 | CE21: 3.94492
A22: 5 | B22: 0 | C22: 0 | D22: 0 | E22: 7.79281 | F22: 0 | G22: 0 | H22: 11.9948 | I22: 7.95532 | J22: 0 | K22: 4.01835 | L22: 0 | M22: 3.93203 | N22: 0 | O22: 0 | P22: 0 | Q22: 0 | R22: 3.9862 | S22: 4.02616 | T22: 8.09203 | U22: 0 | V22: 0 | W22: 4.04601 | X22: 0 | Y22: 0 | Z22: 3.99516 | AA22: 0 | AB22: 0 | AC22: 0 | AD22: 0 | AE22: 4.0093 | AF22: 4.05351 | AG22: 0 | AH22: 0 | AI22: 0 | AJ22: 3.96755 | AK22: 0 | AL22: 0 | AM22: 0 | AN22: 0 | AO22: 0 | AP22: 11.7961 | AQ22: 0 | AR22: 0 | AS22: 0 | AT22: 0 | AU22: 0 | AV22: 0 | AW22: 0 | AX22: 0 | AY22: 0 | AZ22: 0 | BA22: 0 | BB22: 3.98912 | BC22: 3.99311 | BD22: 0 | BE22: 3.98912 | BF22: 0 | BG22: 0 | BH22: 4.02807 | BI22: 3.97799 | BJ22: 0 | BK22: 0 | BL22: 3.9804 | BM22: 0 | BN22: 0 | BO22: 0 | BP22: 3.98495 | BQ22: 3.95951 | BR22: 0 | BS22: 0 | BT22: 0 | BU22: 3.95951 | BV22: 3.97002 | BW22: 0 | BX22: 0 | BY22: 0 | BZ22: 0 | CA22: 0 | CB22: 7.9871 | CC22: 0 | CD22: 3.93203 | CE22: 0
A23: 6 | B23: 3.96765 | C23: 3.96765 | D23: 3.97433 | E23: 0 | F23: 0 | G23: 0 | H23: 232.007 | I23: 79.1786 | J23: 12.1775 | K23: 52.429 | L23: 0 | M23: 0 | N23: 0 | O23: 0 | P23: 3.98467 | Q23: 4.04426 | R23: 8.07384 | S23: 12.0563 | T23: 4.02023 | U23: 4.04426 | V23: 4.02023 | W23: 12.0607 | X23: 8.04025 | Y23: 0 | Z23: 3.9859 | AA23: 3.9859 | AB23: 0 | AC23: 8.04025 | AD23: 0 | AE23: 0 | AF23: 0 | AG23: 0 | AH23: 4.04426 | AI23: 0 | AJ23: 8.11637 | AK23: 16.2267 | AL23: 0 | AM23: 0 | AN23: 0 | AO23: 0 | AP23: 16.3057 | AQ23: 4.00257 | AR23: 0 | AS23: 0 | AT23: 4.06635 | AU23: 0 | AV23: 0 | AW23: 0 | AX23: 0 | AY23: 0 | AZ23: 3.99391 | BA23: 0 | BB23: 3.97986 | BC23: 0 | BD23: 0 | BE23: 3.97986 | BF23: 0 | BG23: 0 | BH23: 0 | BI23: 7.93746 | BJ23: 0 | BK23: 0 | BL23: 35.6797 | BM23: 11.8932 | BN23: 3.92463 | BO23: 0 | BP23: 0 | BQ23: 0 | BR23: 0 | BS23: 0 | BT23: 0 | BU23: 4.00566 | BV23: 0 | BW23: 4.02538 | BX23: 0 | BY23: 0 | BZ23: 0 | CA23: 0 | CB23: 115.731 | CC23: 7.97588 | CD23: 0 | CE23: 0
A24: 7 | B24: 0 | C24: 0 | D24: 3.94416 | E24: 28.1889 | F24: 8.00894 | G24: 352.751 | H24: 0 | I24: 0 | J24: 97.143 | K24: 0 | L24: 0 | M24: 0 | N24: 0 | O24: 0 | P24: 0 | Q24: 0 | R24: 3.94299 | S24: 3.98803 | T24: 3.96393 | U24: 0 | V24: 0 | W24: 7.91593 | X24: 8.00315 | Y24: 4.0253 | Z24: 4.00442 | AA24: 4.00442 | AB24: 3.96111 | AC24: 0 | AD24: 0 | AE24: 3.98037 | AF24: 3.98928 | AG24: 0 | AH24: 0 | AI24: 0 | AJ24: 3.96125 | AK24: 3.98549 | AL24: 3.8989 | AM24: 0 | AN24: 0 | AO24: 3.86883 | AP24: 44.0061 | AQ24: 3.89913 | AR24: 0 | AS24: 0 | AT24: 7.89073 | AU24: 0 | AV24: 3.98472 | AW24: 3.98928 | AX24: 4.00056 | AY24: 0 | AZ24: 4.00927 | BA24: 0 | BB24: 4.03754 | BC24: 0 | BD24: 0 | BE24: 0 | BF24: 0 | BG24: 0 | BH24: 0 | BI24: 4.06681 | BJ24: 0 | BK24: 0 | BL24: 19.7644 | BM24: 23.7173 | BN24: 0 | BO24: 0 | BP24: 7.85084 | BQ24: 0 | BR24: 3.92542 | BS24: 0 | BT24: 0 | BU24: 3.8989 | BV24: 3.98189 | BW24: 7.73767 | BX24: 0 | BY24: 7.73767 | BZ24: 3.9183 | CA24: 0 | CB24: 159.167 | CC24: 7.95281 | CD24: 4.06874 | CE24: 4.06874
A25: 8 | B25: 0 | C25: 0 | D25: 3.9493 | E25: 88.7294 | F25: 12.0319 | G25: 92.4327 | H25: 0 | I25: 0 | J25: 4.06304 | K25: 0 | L25: 0 | M25: 0 | N25: 0 | O25: 0 | P25: 3.88779 | Q25: 0 | R25: 7.8948 | S25: 11.9756 | T25: 3.96833 | U25: 0 | V25: 0 | W25: 7.92364 | X25: 8.01547 | Y25: 4.03146 | Z25: 4.0075 | AA25: 4.0075 | AB25: 0 | AC25: 4.00774 | AD25: 0 | AE25: 0 | AF25: 0 | AG25: 0 | AH25: 0 | AI25: 0 | AJ25: 3.96566 | AK25: 3.99166 | AL25: 3.90661 | AM25: 0 | AN25: 0 | AO25: 3.88425 | AP25: 32.0538 | AQ25: 3.90941 | AR25: 0 | AS25: 0 | AT25: 7.90615 | AU25: 0 | AV25: 0 | AW25: 3.99442 | AX25: 0 | AY25: 3.99442 | AZ25: 0 | BA25: 0 | BB25: 0 | BC25: 0 | BD25: 0 | BE25: 3.97198 | BF25: 4.00625 | BG25: 0 | BH25: 0 | BI25: 0 | BJ25: 0 | BK25: 0 | BL25: 0 | BM25: 11.9049 | BN25: 0 | BO25: 0 | BP25: 7.86318 | BQ25: 3.90661 | BR25: 0 | BS25: 0 | BT25: 0 | BU25: 0 | BV25: 3.9896 | BW25: 3.88425 | BX25: 0 | BY25: 3.88425 | BZ25: 0 | CA25: 0 | CB25: 7.98919 | CC25: 0 | CD25: 0 | CE25: 0
A26: 9 | B26: 0 | C26: 0 | D26: 0 | E26: 16.0748 | F26: 3.99619 | G26: 15.9789 | H26: 55.5504 | I26: 7.85339 | J26: 0 | K26: 0 | L26: 0 | M26: 0 | N26: 0 | O26: 0 | P26: 0 | Q26: 0 | R26: 0 | S26: 0 | T26: 8.09288 | U26: 0 | V26: 0 | W26: 12.0629 | X26: 3.9933 | Y26: 4.01701 | Z26: 0 | AA26: 0 | AB26: 3.95283 | AC26: 0 | AD26: 0 | AE26: 0 | AF26: 0 | AG26: 0 | AH26: 0 | AI26: 0 | AJ26: 0 | AK26: 0 | AL26: 0 | AM26: 0 | AN26: 0 | AO26: 3.84813 | AP26: 16.2198 | AQ26: 0 | AR26: 0 | AS26: 3.98967 | AT26: 4.05023 | AU26: 0 | AV26: 0 | AW26: 0 | AX26: 0 | AY26: 0 | AZ26: 0 | BA26: 0 | BB26: 0 | BC26: 0 | BD26: 0 | BE26: 0 | BF26: 4.02719 | BG26: 0 | BH26: 0 | BI26: 0 | BJ26: 0 | BK26: 0 | BL26: 7.86435 | BM26: 19.6609 | BN26: 0 | BO26: 0 | BP26: 0 | BQ26: 3.99645 | BR26: 0 | BS26: 4.01617 | BT26: 0 | BU26: 0 | BV26: 11.9146 | BW26: 0 | BX26: 0 | BY26: 0 | BZ26: 0 | CA26: 0 | CB26: 27.7093 | CC26: 11.8671 | CD26: 0 | CE26: 0
A27: 10 | B27: 0 | C27: 0 | D27: 0 | E27: 11.9988 | F27: 0 | G27: 43.6928 | H27: 0 | I27: 0 | J27: 0 | K27: 0 | L27: 0 | M27: 0 | N27: 0 | O27: 0 | P27: 0 | Q27: 0 | R27: 4.00999 | S27: 3.95848 | T27: 0 | U27: 0 | V27: 0 | W27: 4.00979 | X27: 3.9779 | Y27: 0 | Z27: 0 | AA27: 0 | AB27: 3.94471 | AC27: 0 | AD27: 0 | AE27: 0 | AF27: 0 | AG27: 0 | AH27: 0 | AI27: 0 | AJ27: 0 | AK27: 0 | AL27: 0 | AM27: 0 | AN27: 0 | AO27: 0 | AP27: 8.03447 | AQ27: 0 | AR27: 0 | AS27: 0 | AT27: 0 | AU27: 0 | AV27: 0 | AW27: 0 | AX27: 0 | AY27: 0 | AZ27: 0 | BA27: 0 | BB27: 0 | BC27: 0 | BD27: 0 | BE27: 0 | BF27: 0 | BG27: 0 | BH27: 0 | BI27: 4.03279 | BJ27: 0 | BK27: 0 | BL27: 3.92282 | BM27: 7.84564 | BN27: 0 | BO27: 0 | BP27: 0 | BQ27: 0 | BR27: 0 | BS27: 0 | BT27: 0 | BU27: 0 | BV27: 3.95805 | BW27: 0 | BX27: 0 | BY27: 0 | BZ27: 0 | CA27: 0 | CB27: 15.7614 | CC27: 3.9385 | CD27: 4.01723 | CE27: 0
A28: 11 | B28: 0 | C28: 0 | D28: 0 | E28: 0 | F28: 0 | G28: 0 | H28: 0 | I28: 0 | J28: 0 | K28: 0 | L28: 0 | M28: 0 | N28: 0 | O28: 0 | P28: 0 | Q28: 0 | R28: 4.06516 | S28: 0 | T28: 4.00385 | U28: 0 | V28: 0 | W28: 0 | X28: 4.02769 | Y28: 4.02769 | Z28: 0 | AA28: 0 | AB28: 0 | AC28: 0 | AD28: 0 | AE28: 0 | AF28: 0 | AG28: 0 | AH28: 0 | AI28: 0 | AJ28: 0 | AK28: 0 | AL28: 0 | AM28: 0 | AN28: 0 | AO28: 0 | AP28: 0 | AQ28: 0 | AR28: 0 | AS28: 0 | AT28: 0 | AU28: 0 | AV28: 0 | AW28: 0 | AX28: 0 | AY28: 0 | AZ28: 0 | BA28: 0 | BB28: 0 | BC28: 0 | BD28: 0 | BE28: 0 | BF28: 0 | BG28: 0 | BH28: 0 | BI28: 0 | BJ28: 0 | BK28: 0 | BL28: 0 | BM28: 0 | BN28: 0 | BO28: 0 | BP28: 0 | BQ28: 0 | BR28: 0 | BS28: 0 | BT28: 0 | BU28: 0 | BV28: 0 | BW28: 0 | BX28: 0 | BY28: 0 | BZ28: 0 | CA28: 0 | CB28: 0 | CC28: 0 | CD28: 0 | CE28: 0
A29: 13 | B29: 0 | C29: 0 | D29: 7.98026 | E29: 16.1726 | F29: 8.04131 | G29: 0 | H29: 0 | I29: 12.0054 | J29: 16.1746 | K29: 8.04533 | L29: 0 | M29: 0 | N29: 3.83085 | O29: 35.8586 | P29: 0 | Q29: 16.612 | R29: 3.9639 | S29: 3.88015 | T29: 16.0021 | U29: 0 | V29: 3.9186 | W29: 0 | X29: 20.2937 | Y29: 0 | Z29: 0 | AA29: 3.82527 | AB29: 0 | AC29: 4.05875 | AD29: 0 | AE29: 0 | AF29: 0 | AG29: 0 | AH29: 3.85869 | AI29: 0 | AJ29: 3.99585 | AK29: 20.4552 | AL29: 4.04737 | AM29: 0 | AN29: 0 | AO29: 0 | AP29: 0 | AQ29: 0 | AR29: 0 | AS29: 0 | AT29: 0 | AU29: 0 | AV29: 0 | AW29: 0 | AX29: 0 | AY29: 0 | AZ29: 0 | BA29: 0 | BB29: 0 | BC29: 0 | BD29: 0 | BE29: 3.88006 | BF29: 7.88785 | BG29: 0 | BH29: 0 | BI29: 4.06392 | BJ29: 0 | BK29: 0 | BL29: 0 | BM29: 12 | BN29: 0 | BO29: 0 | BP29: 4.0442 | BQ29: 0 | BR29: 4.0442 | BS29: 0 | BT29: 0 | BU29: 20.2369 | BV29: 0 | BW29: 8.16377 | BX29: 0 | BY29: 28.2693 | BZ29: 3.97902 | CA29: 0 | CB29: 28 | CC29: 32 | CD29: 0 | CE29: 0
... A100: 7381534 | B100: 0 | C100: 0 | D100: 0 | E100: 0 | F100: 0 | G100: 0 | H100: 0 | I100: 0 | J100: 4.04366 | K100: 0 | L100: 0 | M100: 0 | N100: 0 | O100: 0 | P100: 0 | Q100: 0 | R100: 0 | S100: 0 | T100: 0 | U100: 0 | V100: 0 | W100: 0 | X100: 4.05875 | Y100: 0 | Z100: 0 | AA100: 0 | AB100: 0 | AC100: 0 | AD100: 0 | AE100: 0 | AF100: 0 | AG100: 0 | AH100: 0 | AI100: 0 | AJ100: 0 | AK100: 0 | AL100: 0 | AM100: 0 | AN100: 0 | AO100: 0 | AP100: 0 | AQ100: 0 | AR100: 0 | AS100: 0 | AT100: 8.0722 | AU100: 0 | AV100: 0 | AW100: 0 | AX100: 0 | AY100: 0 | AZ100: 0 | BA100: 0 | BB100: 0 | BC100: 0 | BD100: 0 | BE100: 0 | BF100: 0 | BG100: 0 | BH100: 0 | BI100: 0 | BJ100: 0 | BK100: 0 | BL100: 0 | BM100: 0 | BN100: 0 | BO100: 0 | BP100: 0 | BQ100: 0 | BR100: 0 | BS100: 0 | BT100: 0 | BU100: 3.95259 | BV100: 0 | BW100: 0 | BX100: 0 | BY100: 0 | BZ100: 0 | CA100: 0 | CB100: 0 | CC100: 0 | CD100: 0 | CE100: 0
A101: SLICE
A102: 0.60416667
B103: 1 | C103: 2 | D103: 3 | E103: 4 | F103: 5 | G103: 6 | H103: 7 | I103: 8 | J103: 9 | K103: 10 | L103: 11 | M103: 13 | N103: 14 | O103: 15 | P103: 7381011 | Q103: 7381012 | R103: 7381013 | S103: 7381014 | T103: 7381015 | U103: 7381016 | V103: 7381017 | W103: 7381018 | X103: 7381021 | Y103: 7381022 | Z103: 7381023 | AA103: 7381024 | AB103: 7381031 | AC103: 7381032 | AD103: 7381033 | AE103: 7381034 | AF103: 7381041 | AG103: 7381042 | AH103: 7381043 | AI103: 7381044 | AJ103: 7381051 | AK103: 7381052 | AL103: 7381053 | AM103: 7381054 | AN103: 7381055 | AO103: 7381071 | AP103: 7381072 | AQ103: 7381073 | AR103: 7381074 | AS103: 7381075 | AT103: 7381076 | AU103: 7381077 | AV103: 7381081 | AW103: 7381082 | AX103: 7381083 | AY103: 7381084 | AZ103: 7381085 | BA103: 7381086 | BB103: 7381091 | BC103: 7381092 | BD103: 7381093 | BE103: 7381101 | BF103: 7381102 | BG103: 7381103 | BH103: 7381111 | BI103: 7381112 | BJ103: 7381113 | BK103: 7381121 | BL103: 7381122 | BM103: 7381123 | BN103: 7381124 | BO103: 7381511 | BP103: 7381512 | BQ103: 7381513 | BR103: 7381514 | BS103: 7381515 | BT103: 7381516 | BU103: 7381517 | BV103: 7381518 | BW103: 7381521 | BX103: 7381522 | BY103: 7381523 | BZ103: 7381524 | CA103: 7381525 | CB103: 7381531 | CC103: 7381532 | CD103: 7381533 | CE103: 7381534
A104: 1 | B104: 0 | C104: 0 | D104: 0 | E104: 7.9747 | F104: 3.97127 | G104: 4.02667 | H104: 8.03177 | I104: 0 | J104: 3.91349 | K104: 3.92096 | L104: 0 | M104: 3.8701 | N104: 0 | O104: 0 | P104: 0 | Q104: 0 | R104: 3.93039 | S104: 0 | T104: 0 | U104: 0 | V104: 0 | W104: 3.85584 | X104: 0 | Y104: 4.00176 | Z104: 0 | AA104: 0 | AB104: 0 | AC104: 0 | AD104: 0 | AE104: 0 | AF104: 0 | AG104: 0 | AH104: 0 | AI104: 0 | AJ104: 0 | AK104: 0 | AL104: 7.81807 | AM104: 0 | AN104: 0 | AO104: 0 | AP104: 7.87014 | AQ104: 0 | AR104: 0 | AS104: 0 | AT104: 3.88737 | AU104: 0 | AV104: 0 | AW104: 12.8124 | AX104: 0 | AY104: 0 | AZ104: 0 | BA104: 0 | BB104: 4.03723 | BC104: 4.02168 | BD104: 0 | BE104: 0 | BF104: 0 | BG104: 0 | BH104: 0 | BI104: 4.02443 | BJ104: 0 | BK104: 0 | BL104: 0 | BM104: 0 | BN104: 0 | BO104: 0 | BP104: 0 | BQ104: 7.81807 | BR104: 0 | BS104: 0 | BT104: 0 | BU104: 0 | BV104: 0 | BW104: 7.8475 | BX104: 0 | BY104: 0 | BZ104: 0 | CA104: 0 | CB104: 3.89569 | CC104: 0 | CD104: 0 | CE104: 0
A105: 2 | B105: 0 | C105: 0 | D105: 0 | E105: 7.9747 | F105: 3.97127 | G105: 8.05334 | H105: 0 | I105: 3.99529 | J105: 8.09081 | K105: 0 | L105: 0 | M105: 0 | N105: 0 | O105: 0 | P105: 0 | Q105: 0 | R105: 0 | S105: 3.89397 | T105: 0 | U105: 0 | V105: 0 | W105: 3.85584 | X105: 4.00176 | Y105: 4.00176 | Z105: 4.02304 | AA105: 0 | AB105: 0 | AC105: 0 | AD105: 0 | AE105: 0 | AF105: 0 | AG105: 0 | AH105: 0 | AI105: 0 | AJ105: 0 | AK105: 3.9613 | AL105: 11.687 | AM105: 3.9613 | AN105: 0 | AO105: 0 | AP105: 11.933 | AQ105: 0 | AR105: 0 | AS105: 0 | AT105: 0 | AU105: 0 | AV105: 0 | AW105: 0 | AX105: 0 | AY105: 0 | AZ105: 0 | BA105: 0 | BB105: 0 | BC105: 0 | BD105: 0 | BE105: 3.95208 | BF105: 0 | BG105: 0 | BH105: 0 | BI105: 0 | BJ105: 0 | BK105: 0 | BL105: 0 | BM105: 3.8701 | BN105: 0 | BO105: 0 | BP105: 0 | BQ105: 0 | BR105: 0 | BS105: 4.02794 | BT105: 0 | BU105: 7.79133 | BV105: 4 | BW105: 0 | BX105: 0 | BY105: 0 | BZ105: 0 | CA105: 0 | CB105: 3.89569 | CC105: 3.8701 | CD105: 0 | CE105: 3.8701
A106: 3 | B106: 0 | C106: 0 | D106: 0 | E106: 11.9879 | F106: 11.9397 | G106: 16.1335 | H106: 7.93371 | I106: 7.90625 | J106: 3.97905 | K106: 3.97921 | L106: 0 | M106: 0 | N106: 0 | O106: 0 | P106: 0 | Q106: 0 | R106: 3.9505 | S106: 0 | T106: 3.9813 | U106: 0 | V106: 3.88602 | W106: 0 | X106: 4.01383 | Y106: 4.01383 | Z106: 0 | AA106: 0 | AB106: 0 | AC106: 4.05836 | AD106: 0 | AE106: 0 | AF106: 0 | AG106: 0 | AH106: 0 | AI106: 0 | AJ106: 0 | AK106: 0 | AL106: 0 | AM106: 0 | AN106: 0 | AO106: 0 | AP106: 7.88739 | AQ106: 0 | AR106: 0 | AS106: 0 | AT106: 0 | AU106: 0 | AV106: 0 | AW106: 0 | AX106: 0 | AY106: 0 | AZ106: 0 | BA106: 0 | BB106: 0 | BC106: 0 | BD106: 0 | BE106: 3.96214 | BF106: 0 | BG106: 0 | BH106: 0 | BI106: 0 | BJ106: 4.02645 | BK106: 0 | BL106: 0 | BM106: 0 | BN106: 0 | BO106: 0 | BP106: 0 | BQ106: 0 | BR106: 0 | BS106: 3.90618 | BT106: 0 | BU106: 0 | BV106: 0 | BW106: 0 | BX106: 0 | BY106: 0 | BZ106: 0 | CA106: 0 | CB106: 4.00241 | CC106: 3.96059 | CD106: 0 | CE106: 0
A107: 4 | B107: 3.97922 | C107: 3.97922 | D107: 3.98782 | E107: 0 | F107: 3.87232 | G107: 0 | H107: 36.1292 | I107: 39.9376 | J107: 20.2194 | K107: 12.0937 | L107: 3.99492 | M107: 0 | N107: 0 | O107: 0 | P107: 0 | Q107: 4.03237 | R107: 7.99387 | S107: 0 | T107: 8.12423 | U107: 0 | V107: 0 | W107: 12.1864 | X107: 3.92438 | Y107: 0 | Z107: 4.01663 | AA107: 0 | AB107: 3.99409 | AC107: 0 | AD107: 0 | AE107: 0 | AF107: 0 | AG107: 0 | AH107: 0 | AI107: 0 | AJ107: 3.98043 | AK107: 4.0051 | AL107: 3.98361 | AM107: 0 | AN107: 0 | AO107: 0 | AP107: 15.7797 | AQ107: 0 | AR107: 0 | AS107: 0 | AT107: 3.94896 | AU107: 0 | AV107: 0 | AW107: 0 | AX107: 0 | AY107: 0 | AZ107: 0 | BA107: 0 | BB107: 4.00522 | BC107: 0 | BD107: 0 | BE107: 4.00522 | BF107: 0 | BG107: 0 | BH107: 0 | BI107: 0 | BJ107: 0 | BK107: 0 | BL107: 3.9965 | BM107: 7.993 | BN107: 0 | BO107: 0 | BP107: 0 | BQ107: 0 | BR107: 0 | BS107: 0 | BT107: 3.97922 | BU107: 0 | BV107: 0 | BW107: 0 | BX107: 0 | BY107: 3.97069 | BZ107: 3.95272 | CA107: 0 | CB107: 16.0386 | CC107: 8.01653 | CD107: 3.94492 | CE107: 3.94492
A108: 5 | B108: 0 | C108: 3.97002 | D108: 0 | E108: 3.8964 | F108: 0 | G108: 4.02194 | H108: 15.993 | I108: 3.97766 | J108: 0 | K108: 4.01835 | L108: 0 | M108: 0 | N108: 0 | O108: 0 | P108: 0 | Q108: 0 | R108: 3.9862 | S108: 4.02616 | T108: 4.04601 | U108: 0 | V108: 0 | W108: 4.04601 | X108: 3.89218 | Y108: 0 | Z108: 3.99516 | AA108: 0 | AB108: 3.97799 | AC108: 0 | AD108: 0 | AE108: 0 | AF108: 0 | AG108: 0 | AH108: 0 | AI108: 0 | AJ108: 3.96755 | AK108: 0 | AL108: 0 | AM108: 0 | AN108: 0 | AO108: 0 | AP108: 7.86407 | AQ108: 0 | AR108: 4.09668 | AS108: 0 | AT108: 0 | AU108: 0 | AV108: 0 | AW108: 0 | AX108: 0 | AY108: 3.90702 | AZ108: 4.00288 | BA108: 0 | BB108: 0 | BC108: 0 | BD108: 0 | BE108: 3.98912 | BF108: 0 | BG108: 0 | BH108: 4.02807 | BI108: 3.97799 | BJ108: 0 | BK108: 0 | BL108: 0 | BM108: 3.9804 | BN108: 0 | BO108: 0 | BP108: 0 | BQ108: 0 | BR108: 0 | BS108: 0 | BT108: 0 | BU108: 0 | BV108: 0 | BW108: 0 | BX108: 3.964 | BY108: 0 | BZ108: 0 | CA108: 0 | CB108: 3.99355 | CC108: 3.99216 | CD108: 3.93203 | CE108: 0
A109: 6 | B109: 3.96765 | C109: 3.96765 | D109: 3.97433 | E109: 0 | F109: 0 | G109: 0 | H109: 256.008 | I109: 79.1786 | J109: 12.1775 | K109: 60.495 | L109: 0 | M109: 0 | N109: 0 | O109: 0 | P109: 3.96468 | Q109: 4.04426 | R109: 12.0608 | S109: 12.0563 | T109: 8.04045 | U109: 0 | V109: 0 | W109: 8.41421 | X109: 12.0604 | Y109: 0 | Z109: 3.9859 | AA109: 3.9859 | AB109: 0 | AC109: 4.02013 | AD109: 3.99391 | AE109: 0 | AF109: 0 | AG109: 0 | AH109: 4.04426 | AI109: 0 | AJ109: 8.04057 | AK109: 12.1272 | AL109: 4.00566 | AM109: 0 | AN109: 0 | AO109: 3.88037 | AP109: 16.3057 | AQ109: 0 | AR109: 0 | AS109: 0 | AT109: 4.06635 | AU109: 3.88037 | AV109: 3.99391 | AW109: 0 | AX109: 0 | AY109: 0 | AZ109: 3.99391 | BA109: 0 | BB109: 3.97986 | BC109: 0 | BD109: 3.99695 | BE109: 7.95972 | BF109: 0 | BG109: 0 | BH109: 0 | BI109: 7.93746 | BJ109: 3.96501 | BK109: 0 | BL109: 39.6441 | BM109: 15.8576 | BN109: 0 | BO109: 0 | BP109: 0 | BQ109: 0 | BR109: 0 | BS109: 4.02538 | BT109: 0 | BU109: 0 | BV109: 0 | BW109: 0 | BX109: 0 | BY109: 0 | BZ109: 0 | CA109: 0 | CB109: 115.731 | CC109: 15.9518 | CD109: 0 | CE109: 0
A110: 7 | B110: 11.9457 | C110: 0 | D110: 3.94416 | E110: 28.1889 | F110: 8.00894 | G110: 376.802 | H110: 0 | I110: 0 | J110: 85.0001 | K110: 0 | L110: 0 | M110: 0 | N110: 0 | O110: 0 | P110: 0 | Q110: 0 | R110: 3.94299 | S110: 7.97605 | T110: 11.8918 | U110: 0 | V110: 0 | W110: 11.8739 | X110: 4.00157 | Y110: 4.0253 | Z110: 4.00442 | AA110: 4.00442 | AB110: 3.96111 | AC110: 4.00157 | AD110: 0 | AE110: 0 | AF110: 3.98928 | AG110: 0 | AH110: 0 | AI110: 0 | AJ110: 3.96125 | AK110: 3.98549 | AL110: 3.8989 | AM110: 0 | AN110: 0 | AO110: 0 | AP110: 36.005 | AQ110: 3.89913 | AR110: 0 | AS110: 0 | AT110: 3.94537 | AU110: 0 | AV110: 0 | AW110: 3.98928 | AX110: 8.00111 | AY110: 0 | AZ110: 4.00927 | BA110: 0 | BB110: 0 | BC110: 0 | BD110: 0 | BE110: 3.9744 | BF110: 0 | BG110: 0 | BH110: 0 | BI110: 8.13363 | BJ110: 3.95355 | BK110: 0 | BL110: 23.7173 | BM110: 19.7644 | BN110: 0 | BO110: 0 | BP110: 11.7763 | BQ110: 0 | BR110: 3.92542 | BS110: 3.86883 | BT110: 0 | BU110: 3.8989 | BV110: 0 | BW110: 3.86883 | BX110: 0 | BY110: 7.73767 | BZ110: 0 | CA110: 0 | CB110: 175.084 | CC110: 11.9292 | CD110: 4.06874 | CE110: 0
A111: 8 | B111: 0 | C111: 0 | D111: 0 | E111: 104.862 | F111: 12.0319 | G111: 112.527 | H111: 0 | I111: 0 | J111: 4.06304 | K111: 0 | L111: 0 | M111: 4.00672 | N111: 0 | O111: 0 | P111: 0 | Q111: 12.34 | R111: 7.8948 | S111: 7.98376 | T111: 7.93666 | U111: 0 | V111: 3.98516 | W111: 7.92364 | X111: 12.0232 | Y111: 4.03146 | Z111: 4.0075 | AA111: 4.0075 | AB111: 3.96727 | AC111: 0 | AD111: 0 | AE111: 0 | AF111: 0 | AG111: 0 | AH111: 4.00171 | AI111: 0 | AJ111: 3.96566 | AK111: 3.99166 | AL111: 11.7198 | AM111: 0 | AN111: 3.96182 | AO111: 0 | AP111: 44.074 | AQ111: 0 | AR111: 3.90941 | AS111: 3.90941 | AT111: 3.95308 | AU111: 0 | AV111: 0 | AW111: 0 | AX111: 0 | AY111: 0 | AZ111: 0 | BA111: 0 | BB111: 4.04525 | BC111: 0 | BD111: 0 | BE111: 11.9159 | BF111: 4.00349 | BG111: 0 | BH111: 0 | BI111: 4.07298 | BJ111: 0 | BK111: 0 | BL111: 0 | BM111: 11.9049 | BN111: 0 | BO111: 0 | BP111: 3.93159 | BQ111: 7.81323 | BR111: 0 | BS111: 3.88425 | BT111: 0 | BU111: 0 | BV111: 11.9688 | BW111: 7.7685 | BX111: 3.88425 | BY111: 15.537 | BZ111: 7.85716 | CA111: 0 | CB111: 7.98919 | CC111: 0 | CD111: 4.00672 | CE111: 4.07902
A112: 9 | B112: 0 | C112: 0 | D112: 0 | E112: 20.0935 | F112: 3.99619 | G112: 15.9789 | H112: 63.4861 | I112: 7.85339 | J112: 0 | K112: 0 | L112: 0 | M112: 0 | N112: 0 | O112: 0 | P112: 0 | Q112: 0 | R112: 4.026 | S112: 3.96755 | T112: 0 | U112: 0 | V112: 0 | W112: 4.03024 | X112: 7.9866 | Y112: 4.01701 | Z112: 0 | AA112: 3.94011 | AB112: 0 | AC112: 0 | AD112: 0 | AE112: 0 | AF112: 0 | AG112: 3.97644 | AH112: 0 | AI112: 0 | AJ112: 0 | AK112: 3.99355 | AL112: 3.99645 | AM112: 0 | AN112: 0 | AO112: 0 | AP112: 24.3296 | AQ112: 3.98967 | AR112: 0 | AS112: 0 | AT112: 4.05023 | AU112: 0 | AV112: 3.97644 | AW112: 0 | AX112: 0 | AY112: 0 | AZ112: 0 | BA112: 0 | BB112: 0 | BC112: 0 | BD112: 0 | BE112: 0 | BF112: 0 | BG112: 0 | BH112: 0 | BI112: 0 | BJ112: 0 | BK112: 0 | BL112: 7.86435 | BM112: 23.593 | BN112: 0 | BO112: 0 | BP112: 0 | BQ112: 3.99645 | BR112: 0 | BS112: 0 | BT112: 0 | BU112: 0 | BV112: 3.97154 | BW112: 4.01617 | BX112: 0 | BY112: 0 | BZ112: 0 | CA112: 0 | CB112: 31.6678 | CC112: 11.8671 | CD112: 4.05494 | CE112: 4.05494
A113: 10 | B113: 0 | C113: 0 | D113: 0 | E113: 11.9988 | F113: 3.98084 | G113: 43.6928 | H113: 0 | I113: 0 | J113: 0 | K113: 0 | L113: 0 | M113: 0 | N113: 0 | O113: 0 | P113: 0 | Q113: 0 | R113: 0 | S113: 0 | T113: 4.02873 | U113: 0 | V113: 0 | W113: 4.01593 | X113: 0 | Y113: 0 | Z113: 0 | AA113: 0 | AB113: 0 | AC113: 0 | AD113: 0 | AE113: 0 | AF113: 0 | AG113: 0 | AH113: 0 | AI113: 0 | AJ113: 0 | AK113: 0 | AL113: 3.98491 | AM113: 0 | AN113: 0 | AO113: 0 | AP113: 8.03447 | AQ113: 0 | AR113: 0 | AS113: 0 | AT113: 0 | AU113: 0 | AV113: 0 | AW113: 0 | AX113: 0 | AY113: 0 | AZ113: 0 | BA113: 8.06093 | BB113: 0 | BC113: 0 | BD113: 0 | BE113: 0 | BF113: 0 | BG113: 0 | BH113: 0 | BI113: 0 | BJ113: 0 | BK113: 0 | BL113: 0 | BM113: 3.92282 | BN113: 0 | BO113: 0 | BP113: 4.02125 | BQ113: 0 | BR113: 0 | BS113: 0 | BT113: 0 | BU113: 0 | BV113: 0 | BW113: 0 | BX113: 0 | BY113: 0 | BZ113: 3.95388 | CA113: 0 | CB113: 19.7018 | CC113: 3.9385 | CD113: 0 | CE113: 4.01723
A114: 11 | B114: 0 | C114: 0 | D114: 0 | E114: 0 | F114: 0 | G114: 0 | H114: 0 | I114: 0 | J114: 0 | K114: 0 | L114: 0 | M114: 0 | N114: 0 | O114: 0 | P114: 0 | Q114: 0 | R114: 0 | S114: 0 | T114: 0 | U114: 0 | V114: 0 | W114: 0 | X114: 0 | Y114: 0 | Z114: 0 | AA114: 0 | AB114: 0 | AC114: 0 | AD114: 0 | AE114: 0 | AF114: 0 | AG114: 0 | AH114: 0 | AI114: 0 | AJ114: 0 | AK114: 0 | AL114: 0 | AM114: 0 | AN114: 0 | AO114: 0 | AP114: 0 | AQ114: 0 | AR114: 0 | AS114: 0 | AT114: 0 | AU114: 0 | AV114: 0 | AW114: 0 | AX114: 0 | AY114: 0 | AZ114: 0 | BA114: 0 | BB114: 0 | BC114: 3.94318 | BD114: 0 | BE114: 0 | BF114: 0 | BG114: 0 | BH114: 0 | BI114: 0 | BJ114: 0 | BK114: 0 | BL114: 0 | BM114: 0 | BN114: 0 | BO114: 0 | BP114: 0 | BQ114: 0 | BR114: 0 | BS114: 0 | BT114: 0 | BU114: 0 | BV114: 0 | BW114: 0 | BX114: 0 | BY114: 0 | BZ114: 0 | CA114: 0 | CB114: 0 | CC114: 0 | CD114: 0 | CE114: 0
A115: 13 | B115: 7.96307 | C115: 3.98154 | D115: 3.99013 | E115: 20.2158 | F115: 8.04131 | G115: 0 | H115: 0 | I115: 12.0054 | J115: 16.1746 | K115: 12.068 | L115: 0 | M115: 0 | N115: 0 | O115: 43.8271 | P115: 0 | Q115: 0 | R115: 7.9278 | S115: 3.88015 | T115: 12.0016 | U115: 0 | V115: 4.01504 | W115: 0 | X115: 16.235 | Y115: 3.84812 | Z115: 0 | AA115: 0 | AB115: 0 | AC115: 8.11749 | AD115: 0 | AE115: 0 | AF115: 0 | AG115: 0 | AH115: 0 | AI115: 0 | AJ115: 3.99585 | AK115: 24.5463 | AL115: 4.04737 | AM115: 0 | AN115: 0 | AO115: 0 | AP115: 4 | AQ115: 0 | AR115: 0 | AS115: 0 | AT115: 0 | AU115: 0 | AV115: 0 | AW115: 0 | AX115: 0 | AY115: 0 | AZ115: 0 | BA115: 0 | BB115: 0 | BC115: 0 | BD115: 0 | BE115: 11.6402 | BF115: 7.88785 | BG115: 0 | BH115: 0 | BI115: 4.06392 | BJ115: 0 | BK115: 0 | BL115: 0 | BM115: 0 | BN115: 0 | BO115: 0 | BP115: 0 | BQ115: 8.09475 | BR115: 4.0442 | BS115: 0 | BT115: 0 | BU115: 28.3316 | BV115: 4.00053 | BW115: 12.2457 | BX115: 8.16377 | BY115: 16.1539 | BZ115: 3.97902 | CA115: 0 | CB115: 28 | CC115: 36 | CD115: 0 | CE115: 0
... A186: 7381534 | B186: 0 | C186: 0 | D186: 0 | E186: 0 | F186: 8.04131 | G186: 0 | H186: 0 | I186: 0 | J186: 4.04366 | K186: 0 | L186: 0 | M186: 0 | N186: 0 | O186: 0 | P186: 0 | Q186: 0 | R186: 4.00554 | S186: 0 | T186: 8.08428 | U186: 0 | V186: 0 | W186: 0 | X186: 4.05875 | Y186: 0 | Z186: 0 | AA186: 0 | AB186: 0 | AC186: 0 | AD186: 0 | AE186: 4.01241 | AF186: 0 | AG186: 0 | AH186: 0 | AI186: 0 | AJ186: 0 | AK186: 0 | AL186: 0 | AM186: 0 | AN186: 0 | AO186: 0 | AP186: 0 | AQ186: 0 | AR186: 0 | AS186: 0 | AT186: 8.0722 | AU186: 0 | AV186: 0 | AW186: 0 | AX186: 0 | AY186: 0 | AZ186: 0 | BA186: 0 | BB186: 0 | BC186: 0 | BD186: 0 | BE186: 0 | BF186: 0 | BG186: 0 | BH186: 0 | BI186: 0 | BJ186: 0 | BK186: 0 | BL186: 0 | BM186: 0 | BN186: 0 | BO186: 0 | BP186: 0 | BQ186: 0 | BR186: 0 | BS186: 0 | BT186: 0 | BU186: 0 | BV186: 0 | BW186: 0 | BX186: 3.9871 | BY186: 3.91209 | BZ186: 3.90319 | CA186: 0 | CB186: 3.98162 | CC186: 0 | CD186: 0 | CE186: 0
A187: SLICE
A188: 0.61458333
B189: 1 | C189: 2 | D189: 3 | E189: 4 | F189: 5 | G189: 6 | H189: 7 | I189: 8 | J189: 9 | K189: 10 | L189: 11 | M189: 13 | N189: 14 | O189: 15 | P189: 7381011 | Q189: 7381012 | R189: 7381013 | S189: 7381014 | T189: 7381015 | U189: 7381016 | V189: 7381017 | W189: 7381018 | X189: 7381021 | Y189: 7381022 | Z189: 7381023 | AA189: 7381024 | AB189: 7381031 | AC189: 7381032 | AD189: 7381033 | AE189: 7381034 | AF189: 7381041 | AG189: 7381042 | AH189: 7381043 | AI189: 7381044 | AJ189: 7381051 | AK189: 7381052 | AL189: 7381053 | AM189: 7381054 | AN189: 7381055 | AO189: 7381071 | AP189: 7381072 | AQ189: 7381073 | AR189: 7381074 | AS189: 7381075 | AT189: 7381076 | AU189: 7381077 | AV189: 7381081 | AW189: 7381082 | AX189: 7381083 | AY189: 7381084 | AZ189: 7381085 | BA189: 7381086 | BB189: 7381091 | BC189: 7381092 | BD189: 7381093 | BE189: 7381101 | BF189: 7381102 | BG189: 7381103 | BH189: 7381111 | BI189: 7381112 | BJ189: 7381113 | BK189: 7381121 | BL189: 7381122 | BM189: 7381123 | BN189: 7381124 | BO189: 7381511 | BP189: 7381512 | BQ189: 7381513 | BR189: 7381514 | BS189: 7381515 | BT189: 7381516 | BU189: 7381517 | BV189: 7381518 | BW189: 7381521 | BX189: 7381522 | BY189: 7381523 | BZ189: 7381524 | CA189: 7381525 | CB189: 7381531 | CC189: 7381532 | CD189: 7381533 | CE189: 7381534
A190: 1 | B190: 0 | C190: 0 | D190: 0 | E190: 3.98735 | F190: 0 | G190: 8.05334 | H190: 4.01589 | I190: 0 | J190: 3.97316 | K190: 3.97391 | L190: 0 | M190: 3.95302 | N190: 0 | O190: 0 | P190: 0 | Q190: 12.4275 | R190: 0 | S190: 0 | T190: 3.96119 | U190: 0 | V190: 0 | W190: 0 | X190: 4.00176 | Y190: 4.00176 | Z190: 0 | AA190: 0 | AB190: 0 | AC190: 4.0483 | AD190: 0 | AE190: 0 | AF190: 0 | AG190: 0 | AH190: 0 | AI190: 0 | AJ190: 0 | AK190: 0 | AL190: 7.81807 | AM190: 0 | AN190: 0 | AO190: 0 | AP190: 3.93507 | AQ190: 3.86738 | AR190: 0 | AS190: 0 | AT190: 0 | AU190: 0 | AV190: 0 | AW190: 0 | AX190: 0 | AY190: 0 | AZ190: 3.93244 | BA190: 0 | BB190: 4.02168 | BC190: 0 | BD190: 0 | BE190: 0 | BF190: 0 | BG190: 0 | BH190: 0 | BI190: 0 | BJ190: 0 | BK190: 0 | BL190: 3.96904 | BM190: 0 | BN190: 0 | BO190: 0 | BP190: 0 | BQ190: 3.90903 | BR190: 0 | BS190: 0 | BT190: 0 | BU190: 0 | BV190: 0 | BW190: 4.02794 | BX190: 0 | BY190: 3.91271 | BZ190: 0 | CA190: 0 | CB190: 3.99703 | CC190: 0 | CD190: 0 | CE190: 3.95302
A191: 2 | B191: 0 | C191: 0 | D191: 0 | E191: 0 | F191: 3.97127 | G191: 12.08 | H191: 0 | I191: 3.99529 | J191: 8.09081 | K191: 4.03246 | L191: 0 | M191: 0 | N191: 0 | O191: 0 | P191: 0 | Q191: 0 | R191: 3.93039 | S191: 0 | T191: 0 | U191: 0 | V191: 0 | W191: 3.85584 | X191: 0 | Y191: 0 | Z191: 0 | AA191: 0 | AB191: 0 | AC191: 0 | AD191: 0 | AE191: 0 | AF191: 0 | AG191: 0 | AH191: 0 | AI191: 0 | AJ191: 0 | AK191: 0 | AL191: 3.89566 | AM191: 0 | AN191: 0 | AO191: 0 | AP191: 7.95533 | AQ191: 0 | AR191: 0 | AS191: 0 | AT191: 0 | AU191: 0 | AV191: 3.99769 | AW191: 0 | AX191: 0 | AY191: 0 | AZ191: 0 | BA191: 0 | BB191: 0 | BC191: 0 | BD191: 0 | BE191: 0 | BF191: 0 | BG191: 0 | BH191: 0 | BI191: 4.02259 | BJ191: 0 | BK191: 0 | BL191: 0 | BM191: 0 | BN191: 0 | BO191: 0 | BP191: 0 | BQ191: 0 | BR191: 0 | BS191: 0 | BT191: 0 | BU191: 7.79133 | BV191: 0 | BW191: 0 | BX191: 0 | BY191: 0 | BZ191: 0 | CA191: 0 | CB191: 3.96922 | CC191: 0 | CD191: 0 | CE191: 0
A192: 3 | B192: 3.86879 | C192: 0 | D192: 0 | E192: 11.9879 | F192: 3.97989 | G192: 16.1335 | H192: 7.93371 | I192: 7.90625 | J192: 3.93218 | K192: 3.93703 | L192: 0 | M192: 0 | N192: 0 | O192: 3.93288 | P192: 0 | Q192: 0 | R192: 0 | S192: 0 | T192: 3.9813 | U192: 0 | V192: 0 | W192: 0 | X192: 0 | Y192: 4.01383 | Z192: 0 | AA192: 4.03813 | AB192: 0 | AC192: 8.11672 | AD192: 0 | AE192: 0 | AF192: 0 | AG192: 0 | AH192: 0 | AI192: 0 | AJ192: 0 | AK192: 3.97639 | AL192: 0 | AM192: 0 | AN192: 0 | AO192: 0 | AP192: 7.88739 | AQ192: 0 | AR192: 3.876 | AS192: 3.876 | AT192: 0 | AU192: 0 | AV192: 0 | AW192: 0 | AX192: 0 | AY192: 0 | AZ192: 0 | BA192: 0 | BB192: 4.0493 | BC192: 0 | BD192: 0 | BE192: 3.96214 | BF192: 0 | BG192: 0 | BH192: 0 | BI192: 4.03346 | BJ192: 0 | BK192: 0 | BL192: 0 | BM192: 0 | BN192: 0 | BO192: 0 | BP192: 0 | BQ192: 0 | BR192: 0 | BS192: 0 | BT192: 0 | BU192: 0 | BV192: 0 | BW192: 0 | BX192: 0 | BY192: 0 | BZ192: 0 | CA192: 0 | CB192: 7.83271 | CC192: 7.80066 | CD192: 0 | CE192: 0
A193: 4 | B193: 0 | C193: 3.97922 | D193: 0 | E193: 0 | F193: 3.87232 | G193: 0 | H193: 32.1148 | I193: 35.9439 | J193: 20.2194 | K193: 12.0937 | L193: 0 | M193: 0 | N193: 0 | O193: 0 | P193: 0 | Q193: 4.03237 | R193: 11.9908 | S193: 3.93555 | T193: 8.12423 | U193: 0 | V193: 0 | W193: 8.12423 | X193: 0 | Y193: 0 | Z193: 0 | AA193: 0 | AB193: 0 | AC193: 0 | AD193: 0 | AE193: 0 | AF193: 0 | AG193: 0 | AH193: 0 | AI193: 0 | AJ193: 3.98043 | AK193: 4.0051 | AL193: 3.98771 | AM193: 0 | AN193: 0 | AO193: 0 | AP193: 11.8347 | AQ193: 0 | AR193: 0 | AS193: 0 | AT193: 0 | AU193: 0 | AV193: 0 | AW193: 3.91988 | AX193: 0 | AY193: 0 | AZ193: 0 | BA193: 0 | BB193: 0 | BC193: 0 | BD193: 0 | BE193: 8.01044 | BF193: 0 | BG193: 0 | BH193: 0 | BI193: 0 | BJ193: 0 | BK193: 4.03124 | BL193: 3.9965 | BM193: 3.9965 | BN193: 0 | BO193: 0 | BP193: 0 | BQ193: 0 | BR193: 0 | BS193: 0 | BT193: 0 | BU193: 3.98771 | BV193: 0 | BW193: 0 | BX193: 0 | BY193: 0 | BZ193: 3.96601 | CA193: 0 | CB193: 12.029 | CC193: 4.00827 | CD193: 0 | CE193: 3.94492
A194: 5 | B194: 0 | C194: 0 | D194: 0 | E194: 3.8964 | F194: 0 | G194: 4.02194 | H194: 11.9948 | I194: 7.95532 | J194: 0 | K194: 0 | L194: 0 | M194: 0 | N194: 0 | O194: 0 | P194: 0 | Q194: 0 | R194: 0 | S194: 4.02616 | T194: 0 | U194: 0 | V194: 4.04601 | W194: 4.04601 | X194: 0 | Y194: 0 | Z194: 0 | AA194: 0 | AB194: 0 | AC194: 0 | AD194: 0 | AE194: 4.0093 | AF194: 0 | AG194: 0 | AH194: 0 | AI194: 0 | AJ194: 0 | AK194: 0 | AL194: 0 | AM194: 0 | AN194: 0 | AO194: 0 | AP194: 7.86407 | AQ194: 0 | AR194: 4.08522 | AS194: 0 | AT194: 0 | AU194: 0 | AV194: 0 | AW194: 0 | AX194: 0 | AY194: 0 | AZ194: 0 | BA194: 0 | BB194: 0 | BC194: 0 | BD194: 0 | BE194: 3.98912 | BF194: 0 | BG194: 0 | BH194: 4.02807 | BI194: 0 | BJ194: 0 | BK194: 0 | BL194: 0 | BM194: 3.9804 | BN194: 0 | BO194: 0 | BP194: 0 | BQ194: 0 | BR194: 0 | BS194: 0 | BT194: 0 | BU194: 0 | BV194: 0 | BW194: 3.9998 | BX194: 0 | BY194: 0 | BZ194: 0 | CA194: 0 | CB194: 7.9871 | CC194: 3.99216 | CD194: 3.93203 | CE194: 0
A195: 6 | B195: 3.96765 | C195: 3.96765 | D195: 3.97433 | E195: 0 | F195: 12.0688 | G195: 0 | H195: 240.007 | I195: 83.1376 | J195: 12.1775 | K195: 52.429 | L195: 0 | M195: 0 | N195: 0 | O195: 0 | P195: 4.01187 | Q195: 8.08852 | R195: 12.1788 | S195: 20.0938 | T195: 4.02023 | U195: 4.04426 | V195: 4.02023 | W195: 12.812 | X195: 8.04025 | Y195: 0 | Z195: 3.9859 | AA195: 3.9859 | AB195: 0 | AC195: 4.02013 | AD195: 0 | AE195: 0 | AF195: 0 | AG195: 0 | AH195: 0 | AI195: 0 | AJ195: 8.1617 | AK195: 12.2283 | AL195: 0 | AM195: 0 | AN195: 0 | AO195: 3.88037 | AP195: 16.3057 | AQ195: 0 | AR195: 0 | AS195: 0 | AT195: 4.06635 | AU195: 0 | AV195: 3.99391 | AW195: 0 | AX195: 0 | AY195: 0 | AZ195: 3.99391 | BA195: 0 | BB195: 3.97986 | BC195: 0 | BD195: 0 | BE195: 11.9396 | BF195: 0 | BG195: 0 | BH195: 0 | BI195: 7.93746 | BJ195: 0 | BK195: 0 | BL195: 35.6797 | BM195: 15.8576 | BN195: 3.92463 | BO195: 0 | BP195: 3.97933 | BQ195: 0 | BR195: 3.97933 | BS195: 0 | BT195: 0 | BU195: 4.00566 | BV195: 0 | BW195: 4.02538 | BX195: 0 | BY195: 0 | BZ195: 0 | CA195: 0 | CB195: 111.74 | CC195: 11.9638 | CD195: 0 | CE195: 4.07643
A196: 7 | B196: 3.98189 | C196: 0 | D196: 3.94416 | E196: 28.1889 | F196: 8.00894 | G196: 352.751 | H196: 0 | I196: 0 | J196: 85.0001 | K196: 0 | L196: 0 | M196: 0 | N196: 0 | O196: 0 | P196: 0 | Q196: 0 | R196: 7.88599 | S196: 3.97445 | T196: 7.92785 | U196: 3.98472 | V196: 0 | W196: 7.91593 | X196: 8.00315 | Y196: 4.0253 | Z196: 4.00442 | AA196: 8.00883 | AB196: 3.96111 | AC196: 4.00157 | AD196: 0 | AE196: 0 | AF196: 0 | AG196: 0 | AH196: 0 | AI196: 0 | AJ196: 3.96125 | AK196: 0 | AL196: 3.8989 | AM196: 0 | AN196: 3.95796 | AO196: 3.86883 | AP196: 40.0056 | AQ196: 3.89913 | AR196: 3.89913 | AS196: 0 | AT196: 3.94537 | AU196: 3.86883 | AV196: 0 | AW196: 3.98928 | AX196: 0 | AY196: 11.9678 | AZ196: 4.00927 | BA196: 0 | BB196: 0 | BC196: 0 | BD196: 0 | BE196: 3.9744 | BF196: 0 | BG196: 0 | BH196: 0 | BI196: 4.06681 | BJ196: 0 | BK196: 0 | BL196: 23.7173 | BM196: 23.7173 | BN196: 4.06874 | BO196: 0 | BP196: 7.85084 | BQ196: 0 | BR196: 3.92542 | BS196: 0 | BT196: 0 | BU196: 3.8989 | BV196: 3.98189 | BW196: 7.73767 | BX196: 0 | BY196: 3.86883 | BZ196: 3.9183 | CA196: 0 | CB196: 155.188 | CC196: 11.9292 | CD196: 4.06874 | CE196: 4.06874
A197: 8 | B197: 3.9896 | C197: 0 | D197: 3.9493 | E197: 88.7294 | F197: 12.0319 | G197: 104.489 | H197: 0 | I197: 0 | J197: 4.06304 | K197: 0 | L197: 0 | M197: 0 | N197: 0 | O197: 0 | P197: 0 | Q197: 0 | R197: 0 | S197: 3.99188 | T197: 3.96833 | U197: 0 | V197: 0 | W197: 11.8855 | X197: 8.01547 | Y197: 0 | Z197: 4.0075 | AA197: 4.0075 | AB197: 3.96727 | AC197: 4.00774 | AD197: 0 | AE197: 0 | AF197: 0 | AG197: 0 | AH197: 0 | AI197: 0 | AJ197: 3.96566 | AK197: 3.99166 | AL197: 3.90661 | AM197: 0 | AN197: 3.96182 | AO197: 0 | AP197: 40.0672 | AQ197: 0 | AR197: 0 | AS197: 0 | AT197: 3.95308 | AU197: 3.88425 | AV197: 3.98848 | AW197: 0 | AX197: 0 | AY197: 0 | AZ197: 0 | BA197: 0 | BB197: 0 | BC197: 0 | BD197: 4.06697 | BE197: 3.95641 | BF197: 4.00156 | BG197: 0 | BH197: 0 | BI197: 0 | BJ197: 0 | BK197: 0 | BL197: 0 | BM197: 11.9049 | BN197: 0 | BO197: 0 | BP197: 3.93159 | BQ197: 7.81323 | BR197: 3.93159 | BS197: 3.88425 | BT197: 0 | BU197: 0 | BV197: 3.9896 | BW197: 3.88425 | BX197: 0 | BY197: 0 | BZ197: 3.92858 | CA197: 0 | CB197: 7.98919 | CC197: 0 | CD197: 0 | CE197: 4.07902
A198: 9 | B198: 4.01746 | C198: 4.01746 | D198: 0 | E198: 16.0748 | F198: 3.99619 | G198: 15.9789 | H198: 71.4219 | I198: 7.85339 | J198: 0 | K198: 3.98068 | L198: 0 | M198: 4.05494 | N198: 0 | O198: 3.79904 | P198: 0 | Q198: 0 | R198: 0 | S198: 0 | T198: 0 | U198: 0 | V198: 0 | W198: 4.02862 | X198: 3.9933 | Y198: 4.01701 | Z198: 0 | AA198: 0 | AB198: 0 | AC198: 0 | AD198: 0 | AE198: 0 | AF198: 0 | AG198: 0 | AH198: 0 | AI198: 0 | AJ198: 0 | AK198: 3.99355 | AL198: 3.99645 | AM198: 0 | AN198: 0 | AO198: 0 | AP198: 8.10988 | AQ198: 0 | AR198: 0 | AS198: 0 | AT198: 4.05023 | AU198: 0 | AV198: 0 | AW198: 0 | AX198: 0 | AY198: 0 | AZ198: 0 | BA198: 0 | BB198: 4.02719 | BC198: 0 | BD198: 0 | BE198: 3.9675 | BF198: 0 | BG198: 0 | BH198: 0 | BI198: 0 | BJ198: 0 | BK198: 0 | BL198: 7.86435 | BM198: 23.593 | BN198: 0 | BO198: 0 | BP198: 0 | BQ198: 3.99645 | BR198: 0 | BS198: 4.01617 | BT198: 0 | BU198: 0 | BV198: 3.97154 | BW198: 4.01617 | BX198: 0 | BY198: 0 | BZ198: 0 | CA198: 0 | CB198: 31.6678 | CC198: 11.8671 | CD198: 0 | CE198: 0
A199: 10 | B199: 0 | C199: 0 | D199: 0 | E199: 15.9984 | F199: 0 | G199: 43.6928 | H199: 0 | I199: 0 | J199: 0 | K199: 0 | L199: 0 | M199: 0 | N199: 0 | O199: 0 | P199: 0 | Q199: 0 | R199: 4.00881 | S199: 3.95848 | T199: 4.02711 | U199: 0 | V199: 0 | W199: 4.01441 | X199: 3.9779 | Y199: 0 | Z199: 0 | AA199: 0 | AB199: 0 | AC199: 0 | AD199: 0 | AE199: 0 | AF199: 0 | AG199: 0 | AH199: 0 | AI199: 0 | AJ199: 4.02477 | AK199: 0 | AL199: 3.98491 | AM199: 0 | AN199: 0 | AO199: 0 | AP199: 8.03447 | AQ199: 0 | AR199: 0 | AS199: 0 | AT199: 0 | AU199: 0 | AV199: 0 | AW199: 0 | AX199: 0 | AY199: 0 | AZ199: 0 | BA199: 0 | BB199: 0 | BC199: 0 | BD199: 0 | BE199: 0 | BF199: 0 | BG199: 0 | BH199: 0 | BI199: 4.03279 | BJ199: 0 | BK199: 0 | BL199: 3.92282 | BM199: 3.92282 | BN199: 0 | BO199: 0 | BP199: 0 | BQ199: 0 | BR199: 0 | BS199: 0 | BT199: 0 | BU199: 0 | BV199: 0 | BW199: 0 | BX199: 3.86679 | BY199: 0 | BZ199: 0 | CA199: 0 | CB199: 19.7018 | CC199: 0 | CD199: 0 | CE199: 4.01723
A200: 11 | B200: 0 | C200: 0 | D200: 0 | E200: 8.05207 | F200: 0 | G200: 0 | H200: 0 | I200: 0 | J200: 0 | K200: 0 | L200: 0 | M200: 0 | N200: 0 | O200: 0 | P200: 0 | Q200: 0 | R200: 0 | S200: 0 | T200: 0 | U200: 0 | V200: 0 | W200: 0 | X200: 4.02769 | Y200: 0 | Z200: 0 | AA200: 0 | AB200: 0 | AC200: 0 | AD200: 0 | AE200: 0 | AF200: 0 | AG200: 0 | AH200: 0 | AI200: 0 | AJ200: 0 | AK200: 0 | AL200: 0 | AM200: 0 | AN200: 0 | AO200: 0 | AP200: 0 | AQ200: 0 | AR200: 0 | AS200: 0 | AT200: 0 | AU200: 0 | AV200: 0 | AW200: 0 | AX200: 0 | AY200: 0 | AZ200: 0 | BA200: 0 | BB200: 0 | BC200: 0 | BD200: 0 | BE200: 0 | BF200: 0 | BG200: 0 | BH200: 0 | BI200: 0 | BJ200: 0 | BK200: 0 | BL200: 0 | BM200: 0 | BN200: 0 | BO200: 0 | BP200: 0 | BQ200: 0 | BR200: 0 | BS200: 0 | BT200: 0 | BU200: 0 | BV200: 0 | BW200: 0 | BX200: 0 | BY200: 0 | BZ200: 0 | CA200: 0 | CB200: 0 | CC200: 0 | CD200: 0 | CE200: 0
A201: 13 | B201: 0 | C201: 7.96307 | D201: 3.99013 | E201: 20.2158 | F201: 8.04131 | G201: 0 | H201: 0 | I201: 16.0072 | J201: 12.131 | K201: 8.04533 | L201: 0 | M201: 0 | N201: 0 | O201: 23.9057 | P201: 0 | Q201: 12.4533 | R201: 7.9278 | S201: 0 | T201: 16.0021 | U201: 0 | V201: 8.03007 | W201: 0 | X201: 16.235 | Y201: 0 | Z201: 0 | AA201: 7.65055 | AB201: 0 | AC201: 4.05875 | AD201: 0 | AE201: 0 | AF201: 0 | AG201: 0 | AH201: 3.85869 | AI201: 0 | AJ201: 3.99585 | AK201: 20.4552 | AL201: 4.04737 | AM201: 0 | AN201: 0 | AO201: 0 | AP201: 4 | AQ201: 0 | AR201: 0 | AS201: 0 | AT201: 0 | AU201: 0 | AV201: 0 | AW201: 0 | AX201: 0 | AY201: 0 | AZ201: 0 | BA201: 0 | BB201: 0 | BC201: 0 | BD201: 0 | BE201: 3.88006 | BF201: 7.88785 | BG201: 0 | BH201: 0 | BI201: 8.12783 | BJ201: 0 | BK201: 0 | BL201: 0 | BM201: 0 | BN201: 0 | BO201: 0 | BP201: 0 | BQ201: 4.04737 | BR201: 16.1768 | BS201: 0 | BT201: 0 | BU201: 4.04737 | BV201: 4.00053 | BW201: 20.4094 | BX201: 4.08189 | BY201: 24.2308 | BZ201: 3.97902 | CA201: 0 | CB201: 28 | CC201: 32 | CD201: 0 | CE201: 0
... A272: 7381534 | B272: 0 | C272: 0 | D272: 0 | E272: 0 | F272: 0 | G272: 0 | H272: 0 | I272: 0 | J272: 4.04366 | K272: 0 | L272: 0 | M272: 0 | N272: 0 | O272: 0 | P272: 0 | Q272: 0 | R272: 0 | S272: 0 | T272: 0 | U272: 0 | V272: 0 | W272: 0 | X272: 4.05875 | Y272: 0 | Z272: 0 | AA272: 3.82527 | AB272: 0 | AC272: 0 | AD272: 0 | AE272: 0 | AF272: 0 | AG272: 0 | AH272: 0 | AI272: 0 | AJ272: 0 | AK272: 0 | AL272: 0 | AM272: 0 | AN272: 0 | AO272: 0 | AP272: 0 | AQ272: 0 | AR272: 0 | AS272: 0 | AT272: 4.0361 | AU272: 0 | AV272: 0 | AW272: 0 | AX272: 0 | AY272: 0 | AZ272: 0 | BA272: 0 | BB272: 0 | BC272: 0 | BD272: 0 | BE272: 0 | BF272: 0 | BG272: 0 | BH272: 0 | BI272: 0 | BJ272: 0 | BK272: 0 | BL272: 0 | BM272: 0 | BN272: 0 | BO272: 0 | BP272: 0 | BQ272: 0 | BR272: 0 | BS272: 0 | BT272: 0 | BU272: 3.95259 | BV272: 4.00499 | BW272: 0 | BX272: 3.9871 | BY272: 0 | BZ272: 0 | CA272: 0 | CB272: 0 | CC272: 0 | CD272: 0 | CE272: 0
A273: SLICE
A274: 0.625
B275: 1 | C275: 2 | D275: 3 | E275: 4 | F275: 5 | G275: 6 | H275: 7 | I275: 8 | J275: 9 | K275: 10 | L275: 11 | M275: 13 | N275: 14 | O275: 15 | P275: 7381011 | Q275: 7381012 | R275: 7381013 | S275: 7381014 | T275: 7381015 | U275: 7381016 | V275: 7381017 | W275: 7381018 | X275: 7381021 | Y275: 7381022 | Z275: 7381023 | AA275: 7381024 | AB275: 7381031 | AC275: 7381032 | AD275: 7381033 | AE275: 7381034 | AF275: 7381041 | AG275: 7381042 | AH275: 7381043 | AI275: 7381044 | AJ275: 7381051 | AK275: 7381052 | AL275: 7381053 | AM275: 7381054 | AN275: 7381055 | AO275: 7381071 | AP275: 7381072 | AQ275: 7381073 | AR275: 7381074 | AS275: 7381075 | AT275: 7381076 | AU275: 7381077 | AV275: 7381081 | AW275: 7381082 | AX275: 7381083 | AY275: 7381084 | AZ275: 7381085 | BA275: 7381086 | BB275: 7381091 | BC275: 7381092 | BD275: 7381093 | BE275: 7381101 | BF275: 7381102 | BG275: 7381103 | BH275: 7381111 | BI275: 7381112 | BJ275: 7381113 | BK275: 7381121 | BL275: 7381122 | BM275: 7381123 | BN275: 7381124 | BO275: 7381511 | BP275: 7381512 | BQ275: 7381513 | BR275: 7381514 | BS275: 7381515 | BT275: 7381516 | BU275: 7381517 | BV275: 7381518 | BW275: 7381521 | BX275: 7381522 | BY275: 7381523 | BZ275: 7381524 | CA275: 7381525 | CB275: 7381531 | CC275: 7381532 | CD275: 7381533 | CE275: 7381534
A276: 1 | B276: 0 | C276: 0 | D276: 0 | E276: 3.96213 | F276: 3.94671 | G276: 8.02827 | H276: 4.00237 | I276: 0 | J276: 3.93294 | K276: 3.93399 | L276: 0 | M276: 0 | N276: 0 | O276: 0 | P276: 0 | Q276: 0 | R276: 3.93861 | S276: 0 | T276: 3.9528 | U276: 0 | V276: 0 | W276: 0 | X276: 0 | Y276: 0 | Z276: 0 | AA276: 0 | AB276: 0 | AC276: 0 | AD276: 0 | AE276: 0 | AF276: 0 | AG276: 0 | AH276: 0 | AI276: 0 | AJ276: 0 | AK276: 0 | AL276: 7.82446 | AM276: 0 | AN276: 0 | AO276: 0 | AP276: 7.90488 | AQ276: 0 | AR276: 0 | AS276: 0 | AT276: 0 | AU276: 0 | AV276: 0 | AW276: 0 | AX276: 0 | AY276: 0 | AZ276: 0 | BA276: 0 | BB276: 4.03983 | BC276: 0 | BD276: 0 | BE276: 0 | BF276: 0 | BG276: 0 | BH276: 0 | BI276: 0 | BJ276: 0 | BK276: 0 | BL276: 0 | BM276: 0 | BN276: 0 | BO276: 0 | BP276: 0 | BQ276: 3.91223 | BR276: 0 | BS276: 0 | BT276: 0 | BU276: 0 | BV276: 0 | BW276: 7.86381 | BX276: 0 | BY276: 0 | BZ276: 0 | CA276: 4.01394 | CB276: 11.7533 | CC276: 0 | CD276: 0 | CE276: 0
A277: 2 | B277: 0 | C277: 0 | D277: 0 | E277: 3.95884 | F277: 3.94348 | G277: 12.0372 | H277: 4.0026 | I277: 3.98825 | J277: 4.02205 | K277: 4.00982 | L277: 0 | M277: 0 | N277: 0 | O277: 0 | P277: 0 | Q277: 0 | R277: 3.94061 | S277: 0 | T277: 0 | U277: 0 | V277: 0 | W277: 3.85041 | X277: 3.977 | Y277: 0 | Z277: 0 | AA277: 0 | AB277: 0 | AC277: 4.03075 | AD277: 0 | AE277: 0 | AF277: 0 | AG277: 0 | AH277: 0 | AI277: 0 | AJ277: 0 | AK277: 0 | AL277: 3.90103 | AM277: 3.96407 | AN277: 0 | AO277: 0 | AP277: 7.93529 | AQ277: 0 | AR277: 0 | AS277: 0 | AT277: 3.92519 | AU277: 0 | AV277: 3.97252 | AW277: 0 | AX277: 0 | AY277: 0 | AZ277: 0 | BA277: 0 | BB277: 0 | BC277: 4.00183 | BD277: 0 | BE277: 0 | BF277: 0 | BG277: 0 | BH277: 0 | BI277: 4.00355 | BJ277: 0 | BK277: 0 | BL277: 0 | BM277: 3.89917 | BN277: 0 | BO277: 0 | BP277: 0 | BQ277: 0 | BR277: 0 | BS277: 3.97263 | BT277: 0 | BU277: 3.90103 | BV277: 0 | BW277: 0 | BX277: 0 | BY277: 0 | BZ277: 0 | CA277: 0 | CB277: 7.84196 | CC277: 3.90398 | CD277: 0 | CE277: 0
A278: 3 | B278: 3.86986 | C278: 0 | D278: 0 | E278: 7.89332 | F278: 7.86333 | G278: 12.0218 | H278: 11.892 | I278: 7.91157 | J278: 0 | K278: 0 | L278: 0 | M278: 0 | N278: 0 | O278: 0 | P278: 0 | Q278: 8.26968 | R278: 3.96448 | S278: 0 | T278: 3.95804 | U278: 0 | V278: 0 | W278: 3.86793 | X278: 0 | Y278: 3.96747 | Z278: 0 | AA278: 0 | AB278: 3.99473 | AC278: 0 | AD278: 0 | AE278: 0 | AF278: 0 | AG278: 0 | AH278: 0 | AI278: 0 | AJ278: 3.86793 | AK278: 3.9787 | AL278: 0 | AM278: 0 | AN278: 0 | AO278: 0 | AP278: 11.934 | AQ278: 0 | AR278: 0 | AS278: 0 | AT278: 0 | AU278: 0 | AV278: 0 | AW278: 0 | AX278: 0 | AY278: 0 | AZ278: 0 | BA278: 0 | BB278: 4.05529 | BC278: 0 | BD278: 0 | BE278: 3.97158 | BF278: 0 | BG278: 0 | BH278: 0 | BI278: 0 | BJ278: 4.00601 | BK278: 0 | BL278: 3.99046 | BM278: 3.94734 | BN278: 0 | BO278: 0 | BP278: 0 | BQ278: 0 | BR278: 0 | BS278: 3.85519 | BT278: 0 | BU278: 0 | BV278: 0 | BW278: 0 | BX278: 0 | BY278: 0 | BZ278: 0 | CA278: 0 | CB278: 3.96806 | CC278: 0 | CD278: 0 | CE278: 0
A279: 4 | B279: 0 | C279: 3.96921 | D279: 0 | E279: 0 | F279: 3.86804 | G279: 0 | H279: 36.0816 | I279: 31.9403 | J279: 20.1802 | K279: 12.0578 | L279: 4.0398 | M279: 0 | N279: 0 | O279: 0 | P279: 0 | Q279: 0 | R279: 7.98998 | S279: 0 | T279: 8.09942 | U279: 0 | V279: 0 | W279: 12.1491 | X279: 0 | Y279: 0 | Z279: 3.996 | AA279: 3.90067 | AB279: 0 | AC279: 0 | AD279: 0 | AE279: 0 | AF279: 0 | AG279: 0 | AH279: 0 | AI279: 0 | AJ279: 0 | AK279: 4.00002 | AL279: 4.03933 | AM279: 0 | AN279: 0 | AO279: 0 | AP279: 15.8203 | AQ279: 0 | AR279: 0 | AS279: 0 | AT279: 0 | AU279: 0 | AV279: 0 | AW279: 3.94175 | AX279: 0 | AY279: 0 | AZ279: 0 | BA279: 0 | BB279: 0 | BC279: 0 | BD279: 0 | BE279: 4.00556 | BF279: 0 | BG279: 0 | BH279: 0 | BI279: 3.98353 | BJ279: 0 | BK279: 0 | BL279: 0 | BM279: 4.00454 | BN279: 0 | BO279: 0 | BP279: 0 | BQ279: 0 | BR279: 0 | BS279: 0 | BT279: 3.96921 | BU279: 0 | BV279: 0 | BW279: 0 | BX279: 0 | BY279: 0 | BZ279: 4.04599 | CA279: 0 | CB279: 12.0256 | CC279: 4.00385 | CD279: 0 | CE279: 3.95508
A280: 5 | B280: 0 | C280: 3.96134 | D280: 3.97701 | E280: 0 | F280: 0 | G280: 4.01735 | H280: 7.99141 | I280: 0 | J280: 0 | K280: 0 | L280: 0 | M280: 0 | N280: 0 | O280: 0 | P280: 0 | Q280: 0 | R280: 0 | S280: 4.02914 | T280: 8.07203 | U280: 0 | V280: 0 | W280: 4.03602 | X280: 3.87324 | Y280: 0 | Z280: 3.97767 | AA280: 0 | AB280: 0 | AC280: 0 | AD280: 0 | AE280: 0 | AF280: 0 | AG280: 0 | AH280: 4.05786 | AI280: 0 | AJ280: 3.9564 | AK280: 0 | AL280: 0 | AM280: 0 | AN280: 0 | AO280: 0 | AP280: 7.88673 | AQ280: 0 | AR280: 0 | AS280: 0 | AT280: 0 | AU280: 0 | AV280: 4.00206 | AW280: 0 | AX280: 0 | AY280: 0 | AZ280: 0 | BA280: 0 | BB280: 0 | BC280: 0 | BD280: 0 | BE280: 3.99198 | BF280: 0 | BG280: 0 | BH280: 4.03555 | BI280: 0 | BJ280: 0 | BK280: 0 | BL280: 3.99004 | BM280: 0 | BN280: 0 | BO280: 0 | BP280: 3.97602 | BQ280: 0 | BR280: 0 | BS280: 0 | BT280: 0 | BU280: 0 | BV280: 0 | BW280: 0 | BX280: 0 | BY280: 0 | BZ280: 0 | CA280: 0 | CB280: 7.98989 | CC280: 3.99054 | CD280: 3.94336 | CE280: 0
A281: 6 | B281: 3.96613 | C281: 3.96613 | D281: 3.97831 | E281: 0 | F281: 0 | G281: 0 | H281: 231.666 | I281: 79.1721 | J281: 12.1555 | K281: 44.2491 | L281: 0 | M281: 0 | N281: 0 | O281: 0 | P281: 0 | Q281: 4.04316 | R281: 12.2564 | S281: 12.0523 | T281: 8.04268 | U281: 0 | V281: 0 | W281: 8.04268 | X281: 8.01832 | Y281: 4.03778 | Z281: 3.98469 | AA281: 3.98469 | AB281: 0 | AC281: 4.00915 | AD281: 0 | AE281: 0 | AF281: 0 | AG281: 0 | AH281: 4.04316 | AI281: 0 | AJ281: 8.22816 | AK281: 12.298 | AL281: 0 | AM281: 0 | AN281: 0 | AO281: 3.94531 | AP281: 16.2537 | AQ281: 3.9924 | AR281: 0 | AS281: 3.9924 | AT281: 0 | AU281: 0 | AV281: 0 | AW281: 0 | AX281: 0 | AY281: 0 | AZ281: 3.98357 | BA281: 0 | BB281: 0 | BC281: 0 | BD281: 0 | BE281: 7.95509 | BF281: 0 | BG281: 0 | BH281: 0 | BI281: 3.95838 | BJ281: 0 | BK281: 0 | BL281: 35.7638 | BM281: 11.9215 | BN281: 3.93063 | BO281: 0 | BP281: 0 | BQ281: 0 | BR281: 0 | BS281: 0 | BT281: 0 | BU281: 3.9926 | BV281: 0 | BW281: 0 | BX281: 0 | BY281: 3.97661 | BZ281: 0 | CA281: 0 | CB281: 111.74 | CC281: 11.9531 | CD281: 0 | CE281: 4.06343
A282: 7 | B282: 3.98125 | C282: 0 | D282: 3.96378 | E282: 28.1769 | F282: 8.00763 | G282: 339.603 | H282: 0 | I282: 0 | J282: 80.7425 | K282: 0 | L282: 0 | M282: 0 | N282: 0 | O282: 0 | P282: 0 | Q282: 0 | R282: 3.93029 | S282: 3.95111 | T282: 7.90601 | U282: 0 | V282: 0 | W282: 7.91599 | X282: 11.921 | Y282: 4.00276 | Z282: 3.99481 | AA282: 3.99481 | AB282: 3.93491 | AC282: 0 | AD282: 0 | AE282: 0 | AF282: 3.98165 | AG282: 0 | AH282: 3.95416 | AI282: 0 | AJ282: 3.95209 | AK282: 3.98772 | AL282: 0 | AM282: 0 | AN282: 0 | AO282: 3.93199 | AP282: 35.9254 | AQ282: 0 | AR282: 0 | AS282: 0 | AT282: 3.9439 | AU282: 0 | AV282: 0 | AW282: 3.98165 | AX282: 0 | AY282: 3.98165 | AZ282: 7.98797 | BA282: 0 | BB282: 0 | BC282: 0 | BD282: 4.02341 | BE282: 3.98503 | BF282: 0 | BG282: 0 | BH282: 0 | BI282: 0 | BJ282: 0 | BK282: 0 | BL282: 23.84 | BM282: 23.8406 | BN282: 0 | BO282: 0 | BP282: 11.9148 | BQ282: 0 | BR282: 0 | BS282: 0 | BT282: 0 | BU282: 3.94692 | BV282: 3.98125 | BW282: 7.86398 | BX282: 0 | BY282: 7.86398 | BZ282: 0 | CA282: 0 | CB282: 151.239 | CC282: 15.8803 | CD282: 4.04406 | CE282: 8.08811
A283: 8 | B283: 3.98632 | C283: 0 | D283: 3.97072 | E283: 84.5554 | F283: 12.0159 | G283: 95.852 | H283: 0 | I283: 0 | J283: 4.03703 | K283: 0 | L283: 0 | M283: 0 | N283: 0 | O283: 0 | P283: 0 | Q283: 0 | R283: 7.85672 | S283: 3.8697 | T283: 7.90316 | U283: 0 | V283: 3.97679 | W283: 7.91747 | X283: 11.898 | Y283: 3.99794 | Z283: 3.99338 | AA283: 0 | AB283: 0 | AC283: 0 | AD283: 0 | AE283: 0 | AF283: 0 | AG283: 0 | AH283: 0 | AI283: 0 | AJ283: 3.95091 | AK283: 3.98968 | AL283: 3.96251 | AM283: 0 | AN283: 0 | AO283: 0 | AP283: 35.9128 | AQ283: 3.89009 | AR283: 3.89009 | AS283: 0 | AT283: 3.94502 | AU283: 0 | AV283: 0 | AW283: 0 | AX283: 0 | AY283: 11.9422 | AZ283: 3.98073 | BA283: 12.1295 | BB283: 4.00721 | BC283: 0 | BD283: 0 | BE283: 7.96651 | BF283: 0 | BG283: 0 | BH283: 0 | BI283: 0 | BJ283: 0 | BK283: 0 | BL283: 0 | BM283: 7.97307 | BN283: 0 | BO283: 0 | BP283: 3.98735 | BQ283: 7.92502 | BR283: 0 | BS283: 3.94521 | BT283: 0 | BU283: 0 | BV283: 3.98632 | BW283: 3.94521 | BX283: 3.94521 | BY283: 7.89041 | BZ283: 8.04573 | CA283: 0 | CB283: 7.97055 | CC283: 0 | CD283: 3.99032 | CE283: 0
A284: 9 | B284: 0 | C284: 4.01666 | D284: 0 | E284: 12.061 | F284: 3.99856 | G284: 11.9736 | H284: 59.5296 | I284: 7.86575 | J284: 0 | K284: 3.97204 | L284: 0 | M284: 0 | N284: 0 | O284: 0 | P284: 0 | Q284: 0 | R284: 4.01419 | S284: 3.97582 | T284: 0 | U284: 0 | V284: 0 | W284: 8.05618 | X284: 7.95816 | Y284: 4.00481 | Z284: 3.94852 | AA284: 3.94852 | AB284: 3.93953 | AC284: 0 | AD284: 0 | AE284: 0 | AF284: 0 | AG284: 0 | AH284: 0 | AI284: 0 | AJ284: 4.03503 | AK284: 3.97868 | AL284: 0 | AM284: 0 | AN284: 0 | AO284: 0 | AP284: 16.1867 | AQ284: 0 | AR284: 0 | AS284: 3.98239 | AT284: 0 | AU284: 0 | AV284: 0 | AW284: 0 | AX284: 0 | AY284: 0 | AZ284: 3.99449 | BA284: 0 | BB284: 0 | BC284: 0 | BD284: 0 | BE284: 0 | BF284: 0 | BG284: 0 | BH284: 0 | BI284: 0 | BJ284: 0 | BK284: 0 | BL284: 7.89538 | BM284: 15.7911 | BN284: 0 | BO284: 0 | BP284: 0 | BQ284: 3.98558 | BR284: 0 | BS284: 3.99313 | BT284: 0 | BU284: 3.98558 | BV284: 3.97668 | BW284: 0 | BX284: 3.92754 | BY284: 0 | BZ284: 0 | CA284: 0 | CB284: 31.7199 | CC284: 11.8762 | CD284: 4.04668 | CE284: 8.09335
A285: 10 | B285: 0 | C285: 0 | D285: 0 | E285: 20.0133 | F285: 7.96913 | G285: 55.5973 | H285: 0 | I285: 0 | J285: 0 | K285: 0 | L285: 0 | M285: 0 | N285: 0 | O285: 0 | P285: 0 | Q285: 0 | R285: 0 | S285: 3.96768 | T285: 0 | U285: 0 | V285: 0 | W285: 0 | X285: 3.96592 | Y285: 0 | Z285: 0 | AA285: 0 | AB285: 0 | AC285: 0 | AD285: 0 | AE285: 0 | AF285: 0 | AG285: 0 | AH285: 0 | AI285: 0 | AJ285: 4.01884 | AK285: 0 | AL285: 0 | AM285: 0 | AN285: 0 | AO285: 3.92692 | AP285: 12.0359 | AQ285: 0 | AR285: 0 | AS285: 0 | AT285: 0 | AU285: 0 | AV285: 0 | AW285: 0 | AX285: 0 | AY285: 0 | AZ285: 0 | BA285: 0 | BB285: 0 | BC285: 0 | BD285: 0 | BE285: 0 | BF285: 0 | BG285: 0 | BH285: 0 | BI285: 0 | BJ285: 0 | BK285: 0 | BL285: 0 | BM285: 3.93844 | BN285: 0 | BO285: 0 | BP285: 4.02077 | BQ285: 0 | BR285: 0 | BS285: 0 | BT285: 0 | BU285: 0 | BV285: 0 | BW285: 0 | BX285: 0 | BY285: 0 | BZ285: 0 | CA285: 0 | CB285: 23.6909 | CC285: 0 | CD285: 0 | CE285: 0
A286: 11 | B286: 0 | C286: 0 | D286: 3.95906 | E286: 4.03507 | F286: 0 | G286: 0 | H286: 0 | I286: 0 | J286: 0 | K286: 0 | L286: 0 | M286: 0 | N286: 0 | O286: 0 | P286: 0 | Q286: 0 | R286: 0 | S286: 0 | T286: 0 | U286: 0 | V286: 0 | W286: 0 | X286: 0 | Y286: 0 | Z286: 0 | AA286: 0 | AB286: 0 | AC286: 0 | AD286: 0 | AE286: 0 | AF286: 0 | AG286: 0 | AH286: 0 | AI286: 0 | AJ286: 0 | AK286: 0 | AL286: 0 | AM286: 0 | AN286: 0 | AO286: 0 | AP286: 0 | AQ286: 0 | AR286: 0 | AS286: 0 | AT286: 0 | AU286: 0 | AV286: 0 | AW286: 0 | AX286: 0 | AY286: 0 | AZ286: 0 | BA286: 0 | BB286: 0 | BC286: 0 | BD286: 0 | BE286: 3.95794 | BF286: 0 | BG286: 0 | BH286: 0 | BI286: 0 | BJ286: 0 | BK286: 0 | BL286: 0 | BM286: 0 | BN286: 0 | BO286: 0 | BP286: 0 | BQ286: 0 | BR286: 0 | BS286: 0 | BT286: 0 | BU286: 0 | BV286: 0 | BW286: 0 | BX286: 0 | BY286: 0 | BZ286: 0 | CA286: 0 | CB286: 0 | CC286: 0 | CD286: 0 | CE286: 0
A287: 13 | B287: 3.98093 | C287: 0 | D287: 3.99605 | E287: 20.2336 | F287: 8.05025 | G287: 0 | H287: 0 | I287: 11.9992 | J287: 16.1561 | K287: 12.0444 | L287: 0 | M287: 0 | N287: 0 | O287: 27.9057 | P287: 0 | Q287: 0 | R287: 7.90721 | S287: 3.89344 | T287: 7.98231 | U287: 0 | V287: 0 | W287: 0 | X287: 16.1336 | Y287: 3.84215 | Z287: 0 | AA287: 0 | AB287: 0 | AC287: 4.03338 | AD287: 0 | AE287: 0 | AF287: 0 | AG287: 0 | AH287: 0 | AI287: 0 | AJ287: 3.98853 | AK287: 28.6432 | AL287: 4.04801 | AM287: 0 | AN287: 0 | AO287: 0 | AP287: 4 | AQ287: 0 | AR287: 0 | AS287: 0 | AT287: 0 | AU287: 0 | AV287: 0 | AW287: 0 | AX287: 0 | AY287: 0 | AZ287: 0 | BA287: 0 | BB287: 3.93607 | BC287: 0 | BD287: 0 | BE287: 7.7887 | BF287: 3.93607 | BG287: 0 | BH287: 0 | BI287: 4.06733 | BJ287: 0 | BK287: 0 | BL287: 0 | BM287: 7.94604 | BN287: 0 | BO287: 0 | BP287: 0 | BQ287: 12.144 | BR287: 4.0551 | BS287: 0 | BT287: 0 | BU287: 4.04801 | BV287: 0 | BW287: 8.14319 | BX287: 4.0716 | BY287: 20.1833 | BZ287: 4.02061 | CA287: 0 | CB287: 24 | CC287: 32 | CD287: 0 | CE287: 0
... A357: 7381534 | B357: 0 | C357: 0 | D357: 0 | E357: 0 | F357: 0 | G357: 0 | H357: 3.97986 | I357: 0 | J357: 4.03965 | K357: 4.01603 | L357: 0 | M357: 0 | N357: 0 | O357: 0 | P357: 0 | Q357: 0 | R357: 0 | S357: 0 | T357: 8.06283 | U357: 0 | V357: 0 | W357: 0 | X357: 0 | Y357: 0 | Z357: 0 | AA357: 0 | AB357: 0 | AC357: 0 | AD357: 0 | AE357: 4.03473 | AF357: 0 | AG357: 0 | AH357: 0 | AI357: 0 | AJ357: 0 | AK357: 0 | AL357: 0 | AM357: 0 | AN357: 0 | AO357: 0 | AP357: 0 | AQ357: 0 | AR357: 0 | AS357: 0 | AT357: 8.06517 | AU357: 0 | AV357: 0 | AW357: 0 | AX357: 0 | AY357: 0 | AZ357: 0 | BA357: 0 | BB357: 0 | BC357: 0 | BD357: 0 | BE357: 0 | BF357: 0 | BG357: 0 | BH357: 0 | BI357: 0 | BJ357: 0 | BK357: 0 | BL357: 0 | BM357: 0 | BN357: 0 | BO357: 0 | BP357: 0 | BQ357: 0 | BR357: 0 | BS357: 0 | BT357: 0 | BU357: 0 | BV357: 0 | BW357: 0 | BX357: 0 | BY357: 0 | BZ357: 0 | CA357: 0 | CB357: 0 | CC357: 0 | CD357: 0 | CE357: 0
A358: SLICE
A359: 0.63541667
B360: 1 | C360: 2 | D360: 3 | E360: 4 | F360: 5 | G360: 6 | H360: 7 | I360: 8 | J360: 9 | K360: 10 | L360: 11 | M360: 13 | N360: 14 | O360: 15 | P360: 7381011 | Q360: 7381012 | R360: 7381013 | S360: 7381014 | T360: 7381015 | U360: 7381016 | V360: 7381017 | W360: 7381018 | X360: 7381021 | Y360: 7381022 | Z360: 7381023 | AA360: 7381024 | AB360: 7381031 | AC360: 7381032 | AD360: 7381033 | AE360: 7381034 | AF360: 7381041 | AG360: 7381042 | AH360: 7381043 | AI360: 7381044 | AJ360: 7381051 | AK360: 7381052 | AL360: 7381053 | AM360: 7381054 | AN360: 7381055 | AO360: 7381071 | AP360: 7381072 | AQ360: 7381073 | AR360: 7381074 | AS360: 7381075 | AT360: 7381076 | AU360: 7381077 | AV360: 7381081 | AW360: 7381082 | AX360: 7381083 | AY360: 7381084 | AZ360: 7381085 | BA360: 7381086 | BB360: 7381091 | BC360: 7381092 | BD360: 7381093 | BE360: 7381101 | BF360: 7381102 | BG360: 7381103 | BH360: 7381111 | BI360: 7381112 | BJ360: 7381113 | BK360: 7381121 | BL360: 7381122 | BM360: 7381123 | BN360: 7381124 | BO360: 7381511 | BP360: 7381512 | BQ360: 7381513 | BR360: 7381514 | BS360: 7381515 | BT360: 7381516 | BU360: 7381517 | BV360: 7381518 | BW360: 7381521 | BX360: 7381522 | BY360: 7381523 | BZ360: 7381524 | CA360: 7381525 | CB360: 7381531 | CC360: 7381532 | CD360: 7381533 | CE360: 7381534
A361: 1 | B361: 0 | C361: 0 | D361: 0 | E361: 3.91389 | F361: 3.89909 | G361: 7.97516 | H361: 8.02163 | I361: 0 | J361: 0 | K361: 0 | L361: 0 | M361: 0 | N361: 0 | O361: 0 | P361: 0 | Q361: 0 | R361: 0 | S361: 3.85066 | T361: 3.93421 | U361: 0 | V361: 0 | W361: 0 | X361: 3.93011 | Y361: 0 | Z361: 0 | AA361: 3.9826 | AB361: 0 | AC361: 0 | AD361: 0 | AE361: 0 | AF361: 0 | AG361: 0 | AH361: 0 | AI361: 0 | AJ361: 0 | AK361: 0 | AL361: 7.89733 | AM361: 0 | AN361: 0 | AO361: 0 | AP361: 4.00493 | AQ361: 0 | AR361: 0 | AS361: 0 | AT361: 0 | AU361: 0 | AV361: 0 | AW361: 8.51489 | AX361: 0 | AY361: 0 | AZ361: 0 | BA361: 0 | BB361: 0 | BC361: 0 | BD361: 3.99345 | BE361: 0 | BF361: 0 | BG361: 0 | BH361: 0 | BI361: 3.96517 | BJ361: 0 | BK361: 0 | BL361: 0 | BM361: 3.9623 | BN361: 0 | BO361: 0 | BP361: 3.87963 | BQ361: 3.94866 | BR361: 0 | BS361: 0 | BT361: 0 | BU361: 0 | BV361: 0 | BW361: 11.7115 | BX361: 0 | BY361: 3.99949 | BZ361: 0 | CA361: 3.9963 | CB361: 7.97608 | CC361: 3.99263 | CD361: 0 | CE361: 3.99263
A362: 2 | B362: 0 | C362: 0 | D362: 0 | E362: 3.91389 | F362: 3.89909 | G362: 15.9503 | H362: 0 | I362: 7.99989 | J362: 12.0794 | K362: 4.00785 | L362: 0 | M362: 0 | N362: 0 | O362: 0 | P362: 0 | Q362: 0 | R362: 0 | S362: 0 | T362: 0 | U362: 0 | V362: 0 | W362: 0 | X362: 3.93011 | Y362: 0 | Z362: 0 | AA362: 0 | AB362: 0 | AC362: 0 | AD362: 0 | AE362: 0 | AF362: 0 | AG362: 0 | AH362: 0 | AI362: 0 | AJ362: 0 | AK362: 3.9755 | AL362: 16.0309 | AM362: 3.9755 | AN362: 0 | AO362: 0 | AP362: 11.9596 | AQ362: 0 | AR362: 7.94785 | AS362: 0 | AT362: 3.95629 | AU362: 0 | AV362: 4.0229 | AW362: 0 | AX362: 0 | AY362: 0 | AZ362: 7.93345 | BA362: 0 | BB362: 4.06428 | BC362: 3.95262 | BD362: 0 | BE362: 3.9875 | BF362: 0 | BG362: 0 | BH362: 0 | BI362: 0 | BJ362: 0 | BK362: 0 | BL362: 0 | BM362: 0 | BN362: 0 | BO362: 0 | BP362: 0 | BQ362: 4.00772 | BR362: 0 | BS362: 7.80766 | BT362: 0 | BU362: 4.00772 | BV362: 0 | BW362: 0 | BX362: 0 | BY362: 0 | BZ362: 0 | CA362: 0 | CB362: 7.97608 | CC362: 3.99263 | CD362: 0 | CE362: 0
A363: 3 | B363: 0 | C363: 0 | D363: 0 | E363: 11.7421 | F363: 7.79846 | G363: 15.9507 | H363: 15.8858 | I363: 11.891 | J363: 0 | K363: 0 | L363: 0 | M363: 0 | N363: 0 | O363: 3.94935 | P363: 0 | Q363: 0 | R363: 0 | S363: 3.8509 | T363: 3.93454 | U363: 0 | V363: 0 | W363: 3.84834 | X363: 3.93031 | Y363: 0 | Z363: 0 | AA363: 3.98284 | AB363: 3.9653 | AC363: 0 | AD363: 0 | AE363: 0 | AF363: 0 | AG363: 0 | AH363: 0 | AI363: 0 | AJ363: 0 | AK363: 0 | AL363: 0 | AM363: 0 | AN363: 0 | AO363: 0 | AP363: 12.0152 | AQ363: 0 | AR363: 0 | AS363: 3.94827 | AT363: 0 | AU363: 0 | AV363: 0 | AW363: 0 | AX363: 0 | AY363: 0 | AZ363: 0 | BA363: 0 | BB363: 0 | BC363: 0 | BD363: 0 | BE363: 3.98782 | BF363: 0 | BG363: 0 | BH363: 0 | BI363: 0 | BJ363: 0 | BK363: 0 | BL363: 0 | BM363: 0 | BN363: 0 | BO363: 0 | BP363: 0 | BQ363: 0 | BR363: 0 | BS363: 0 | BT363: 0 | BU363: 0 | BV363: 0 | BW363: 0 | BX363: 0 | BY363: 0 | BZ363: 0 | CA363: 0 | CB363: 3.97154 | CC363: 0 | CD363: 0 | CE363: 0
A364: 4 | B364: 0 | C364: 3.93275 | D364: 0 | E364: 0 | F364: 7.68302 | G364: 0 | H364: 47.984 | I364: 35.8657 | J364: 32.1459 | K364: 11.9926 | L364: 4.07921 | M364: 3.96135 | N364: 0 | O364: 0 | P364: 0 | Q364: 3.89303 | R364: 7.93916 | S364: 7.66972 | T364: 7.98984 | U364: 0 | V364: 0 | W364: 11.9848 | X364: 3.79732 | Y364: 0 | Z364: 3.91315 | AA364: 3.79732 | AB364: 0 | AC364: 0 | AD364: 0 | AE364: 0 | AF364: 0 | AG364: 0 | AH364: 0 | AI364: 0 | AJ364: 3.91734 | AK364: 7.93916 | AL364: 7.95657 | AM364: 0 | AN364: 0 | AO364: 0 | AP364: 11.884 | AQ364: 0 | AR364: 0 | AS364: 0 | AT364: 0 | AU364: 0 | AV364: 0 | AW364: 0 | AX364: 0 | AY364: 0 | AZ364: 0 | BA364: 0 | BB364: 3.99564 | BC364: 0 | BD364: 0 | BE364: 11.9869 | BF364: 4 | BG364: 0 | BH364: 0 | BI364: 3.9506 | BJ364: 0 | BK364: 0 | BL364: 4.01167 | BM364: 8.02333 | BN364: 0 | BO364: 0 | BP364: 0 | BQ364: 3.9545 | BR364: 0 | BS364: 0 | BT364: 0 | BU364: 3.97829 | BV364: 0 | BW364: 0 | BX364: 0 | BY364: 0 | BZ364: 0 | CA364: 0 | CB364: 12.0021 | CC364: 3.99101 | CD364: 0 | CE364: 3.96135
A365: 5 | B365: 3.94267 | C365: 3.94267 | D365: 0 | E365: 3.92804 | F365: 0 | G365: 4.02865 | H365: 12.0481 | I365: 4.00244 | J365: 0 | K365: 4.01143 | L365: 0 | M365: 3.97524 | N365: 0 | O365: 0 | P365: 0 | Q365: 0 | R365: 3.98115 | S365: 4.04849 | T365: 4.01229 | U365: 0 | V365: 0 | W365: 4.01229 | X365: 0 | Y365: 0 | Z365: 3.9363 | AA365: 3.83205 | AB365: 0 | AC365: 0 | AD365: 0 | AE365: 0 | AF365: 0 | AG365: 0 | AH365: 8.16641 | AI365: 0 | AJ365: 3.93123 | AK365: 0 | AL365: 4.03179 | AM365: 0 | AN365: 0 | AO365: 0 | AP365: 7.95048 | AQ365: 0 | AR365: 0 | AS365: 0 | AT365: 0 | AU365: 0 | AV365: 0 | AW365: 0 | AX365: 0 | AY365: 0 | AZ365: 4.02008 | BA365: 0 | BB365: 0 | BC365: 0 | BD365: 0 | BE365: 4.01301 | BF365: 0 | BG365: 0 | BH365: 0 | BI365: 3.96797 | BJ365: 0 | BK365: 0 | BL365: 0 | BM365: 4.02903 | BN365: 0 | BO365: 0 | BP365: 3.95554 | BQ365: 0 | BR365: 0 | BS365: 0 | BT365: 0 | BU365: 0 | BV365: 0 | BW365: 0 | BX365: 0 | BY365: 0 | BZ365: 0 | CA365: 0 | CB365: 8.03611 | CC365: 4.00837 | CD365: 3.97524 | CE365: 0
A366: 6 | B366: 3.9587 | C366: 3.9587 | D366: 0 | E366: 0 | F366: 4.03171 | G366: 0 | H366: 268.238 | I366: 83.5038 | J366: 12.1281 | K366: 56.0007 | L366: 0 | M366: 0 | N366: 0 | O366: 0 | P366: 4.00107 | Q366: 8.05631 | R366: 16.1243 | S366: 12.0134 | T366: 8.03139 | U366: 4.02816 | V366: 0 | W366: 12.8945 | X366: 11.8746 | Y366: 4.00962 | Z366: 3.97192 | AA366: 3.97192 | AB366: 0 | AC366: 3.9582 | AD366: 0 | AE366: 0 | AF366: 0 | AG366: 0 | AH366: 4.02816 | AI366: 0 | AJ366: 12.176 | AK366: 12.176 | AL366: 3.96475 | AM366: 0 | AN366: 0 | AO366: 4.00331 | AP366: 16.1218 | AQ366: 0 | AR366: 0 | AS366: 0 | AT366: 4.0258 | AU366: 0 | AV366: 0 | AW366: 0 | AX366: 0 | AY366: 0 | AZ366: 7.89336 | BA366: 0 | BB366: 3.95788 | BC366: 0 | BD366: 0 | BE366: 7.91577 | BF366: 0 | BG366: 0 | BH366: 0 | BI366: 3.91284 | BJ366: 0 | BK366: 0 | BL366: 44.3251 | BM366: 16.1182 | BN366: 3.93114 | BO366: 0 | BP366: 0 | BQ366: 0 | BR366: 0 | BS366: 3.95659 | BT366: 0 | BU366: 3.96475 | BV366: 0 | BW366: 0 | BX366: 0 | BY366: 0 | BZ366: 0 | CA366: 0 | CB366: 128.243 | CC366: 15.953 | CD366: 4.03045 | CE366: 4.03045
A367: 7 | B367: 4.01211 | C367: 0 | D367: 3.99509 | E367: 36.226 | F367: 8.00878 | G367: 386.47 | H367: 0 | I367: 0 | J367: 100.6 | K367: 0 | L367: 0 | M367: 0 | N367: 0 | O367: 0 | P367: 0 | Q367: 0 | R367: 3.9205 | S367: 3.79017 | T367: 7.89022 | U367: 0 | V367: 0 | W367: 11.8674 | X367: 7.89116 | Y367: 7.97343 | Z367: 3.98812 | AA367: 3.98812 | AB367: 3.9093 | AC367: 0 | AD367: 0 | AE367: 0 | AF367: 0 | AG367: 0 | AH367: 0 | AI367: 0 | AJ367: 3.94418 | AK367: 0 | AL367: 4.02311 | AM367: 0 | AN367: 0 | AO367: 3.99084 | AP367: 47.7387 | AQ367: 3.87395 | AR367: 0 | AS367: 3.87395 | AT367: 3.93836 | AU367: 0 | AV367: 4.00057 | AW367: 3.97251 | AX367: 0 | AY367: 0 | AZ367: 7.95568 | BA367: 0 | BB367: 0 | BC367: 0 | BD367: 0 | BE367: 3.99316 | BF367: 0 | BG367: 0 | BH367: 0 | BI367: 8.08499 | BJ367: 0 | BK367: 3.98757 | BL367: 28.0759 | BM367: 24.0651 | BN367: 4.01797 | BO367: 0 | BP367: 16.1789 | BQ367: 0 | BR367: 4.04472 | BS367: 3.99084 | BT367: 0 | BU367: 4.02311 | BV367: 4.01211 | BW367: 3.99084 | BX367: 3.99084 | BY367: 7.98167 | BZ367: 4.11979 | CA367: 0 | CB367: 179.5 | CC367: 15.9554 | CD367: 3.97823 | CE367: 0
A368: 8 | B368: 4.00364 | C368: 0 | D368: 7.97807 | E368: 100.416 | F368: 15.9837 | G368: 111.163 | H368: 0 | I368: 0 | J368: 4.00281 | K368: 0 | L368: 0 | M368: 0 | N368: 0 | O368: 0 | P368: 0 | Q368: 0 | R368: 7.82889 | S368: 3.78488 | T368: 7.87812 | U368: 0 | V368: 3.9679 | W368: 11.8516 | X368: 11.8113 | Y368: 3.97824 | Z368: 7.96777 | AA368: 3.98388 | AB368: 3.90082 | AC368: 3.93711 | AD368: 0 | AE368: 0 | AF368: 0 | AG368: 0 | AH368: 3.7663 | AI368: 0 | AJ368: 3.93812 | AK368: 3.97925 | AL368: 12.0439 | AM368: 0 | AN368: 0 | AO368: 3.97671 | AP368: 39.6976 | AQ368: 3.85983 | AR368: 3.85983 | AS368: 0 | AT368: 3.92777 | AU368: 0 | AV368: 0 | AW368: 0 | AX368: 0 | AY368: 0 | AZ368: 3.96545 | BA368: 0 | BB368: 3.97817 | BC368: 0 | BD368: 3.92716 | BE368: 7.96008 | BF368: 3.97213 | BG368: 0 | BH368: 0 | BI368: 0 | BJ368: 0 | BK368: 0 | BL368: 0 | BM368: 15.9586 | BN368: 0 | BO368: 0 | BP368: 4.03766 | BQ368: 8.02927 | BR368: 4.03766 | BS368: 0 | BT368: 0 | BU368: 0 | BV368: 0 | BW368: 3.97671 | BX368: 0 | BY368: 7.95343 | BZ368: 8.2184 | CA368: 0 | CB368: 7.93541 | CC368: 0 | CD368: 3.96976 | CE368: 0
